/maps/projects/mjolnir1/people/sjr729/tutorial/skimming_scripts/oedulis/skmer/echarvel_Steinoedulis_fast-skims_results_04.08_onlymicrobe/bbmap_reads/SRR26416937.fastq	13529456	2.544438732245297	5317265
/maps/projects/mjolnir1/people/sjr729/tutorial/skimming_scripts/oedulis/skmer/echarvel_Steinoedulis_fast-skims_results_04.08_onlymicrobe/bbmap_reads/SRR26416938.fastq	10944952	2.3234801082206524	4710586
/maps/projects/mjolnir1/people/sjr729/tutorial/skimming_scripts/oedulis/skmer/echarvel_Steinoedulis_fast-skims_results_04.08_onlymicrobe/bbmap_reads/SRR26416939.fastq	9587764	2.1473909679137124	4464843
/maps/projects/mjolnir1/people/sjr729/tutorial/skimming_scripts/oedulis/skmer/echarvel_Steinoedulis_fast-skims_results_04.08_onlymicrobe/bbmap_reads/SRR26416940.fastq	6937870	1.9806532066989546	3502819
/maps/projects/mjolnir1/people/sjr729/tutorial/skimming_scripts/oedulis/skmer/echarvel_Steinoedulis_fast-skims_results_04.08_onlymicrobe/bbmap_reads/SRR26416941.fastq	10691124	2.351983052577527	4545579
/maps/projects/mjolnir1/people/sjr729/tutorial/skimming_scripts/oedulis/skmer/echarvel_Steinoedulis_fast-skims_results_04.08_onlymicrobe/bbmap_reads/SRR26416943.fastq	21264542	3.3435198278683633	6359927
/maps/projects/mjolnir1/people/sjr729/tutorial/skimming_scripts/oedulis/skmer/echarvel_Steinoedulis_fast-skims_results_04.08_onlymicrobe/bbmap_reads/SRR26416944.fastq	9833874	2.193766609136225	4482644
/maps/projects/mjolnir1/people/sjr729/tutorial/skimming_scripts/oedulis/skmer/echarvel_Steinoedulis_fast-skims_results_04.08_onlymicrobe/bbmap_reads/SRR26416945.fastq	8134162	1.97850145121034	4111274
/maps/projects/mjolnir1/people/sjr729/tutorial/skimming_scripts/oedulis/skmer/echarvel_Steinoedulis_fast-skims_results_04.08_onlymicrobe/bbmap_reads/SRR26416946.fastq	12495582	2.5931631103556687	4818664
/maps/projects/mjolnir1/people/sjr729/tutorial/skimming_scripts/oedulis/skmer/echarvel_Steinoedulis_fast-skims_results_04.08_onlymicrobe/bbmap_reads/SRR26416948.fastq	6667110	1.84822902451351	3607296
/maps/projects/mjolnir1/people/sjr729/tutorial/skimming_scripts/oedulis/skmer/echarvel_Steinoedulis_fast-skims_results_04.08_onlymicrobe/bbmap_reads/SRR26416959.fastq	11657706	2.498248033018156	4666353
/maps/projects/mjolnir1/people/sjr729/tutorial/skimming_scripts/oedulis/skmer/echarvel_Steinoedulis_fast-skims_results_04.08_onlymicrobe/bbmap_reads/SRR26416970.fastq	9843804	2.218631192679755	4436882
/maps/projects/mjolnir1/people/sjr729/tutorial/skimming_scripts/oedulis/skmer/echarvel_Steinoedulis_fast-skims_results_04.08_onlymicrobe/bbmap_reads/SRR26417043.fastq	10490796	2.45599336789431	4271508
/maps/projects/mjolnir1/people/sjr729/tutorial/skimming_scripts/oedulis/skmer/echarvel_Steinoedulis_fast-skims_results_04.08_onlymicrobe/bbmap_reads/SRR26417044.fastq	6967340	1.9062112479781186	3655072
/maps/projects/mjolnir1/people/sjr729/tutorial/skimming_scripts/oedulis/skmer/echarvel_Steinoedulis_fast-skims_results_04.08_onlymicrobe/bbmap_reads/SRR26417045.fastq	18849864	3.295808660885077	5719344
/maps/projects/mjolnir1/people/sjr729/tutorial/skimming_scripts/oedulis/skmer/echarvel_Steinoedulis_fast-skims_results_04.08_onlymicrobe/bbmap_reads/SRR26417046.fastq	13027938	2.62267657443559	4967421
/maps/projects/mjolnir1/people/sjr729/tutorial/skimming_scripts/oedulis/skmer/echarvel_Steinoedulis_fast-skims_results_04.08_onlymicrobe/bbmap_reads/SRR26417047.fastq	12544384	2.5373355073093573	4943920
/maps/projects/mjolnir1/people/sjr729/tutorial/skimming_scripts/oedulis/skmer/echarvel_Steinoedulis_fast-skims_results_04.08_onlymicrobe/bbmap_reads/SRR26417048.fastq	7360774	1.952511719712309	3769900
/maps/projects/mjolnir1/people/sjr729/tutorial/skimming_scripts/oedulis/skmer/echarvel_Steinoedulis_fast-skims_results_04.08_onlymicrobe/bbmap_reads/SRR26417053.fastq	11835852	2.4525684013069937	4825901
/maps/projects/mjolnir1/people/sjr729/tutorial/skimming_scripts/oedulis/skmer/echarvel_Steinoedulis_fast-skims_results_04.08_onlymicrobe/bbmap_reads/SRR26417091.fastq	9034264	2.1620849453658475	4178496
/maps/projects/mjolnir1/people/sjr729/tutorial/skimming_scripts/oedulis/skmer/echarvel_Steinoedulis_fast-skims_results_04.08_onlymicrobe/bbmap_reads/SRR26417092.fastq	12596036	2.4992922600848173	5039841
/maps/projects/mjolnir1/people/sjr729/tutorial/skimming_scripts/oedulis/skmer/echarvel_Steinoedulis_fast-skims_results_04.08_onlymicrobe/bbmap_reads/SRR26417093.fastq	19678766	3.1931325413337537	6162840
/maps/projects/mjolnir1/people/sjr729/tutorial/skimming_scripts/oedulis/skmer/echarvel_Steinoedulis_fast-skims_results_04.08_onlymicrobe/bbmap_reads/SRR26417094.fastq	9176314	2.027227281831303	4526534
/maps/projects/mjolnir1/people/sjr729/tutorial/skimming_scripts/oedulis/skmer/echarvel_Steinoedulis_fast-skims_results_04.08_onlymicrobe/bbmap_reads/SRR26417095.fastq	9145816	2.08370151127041	4389216
/maps/projects/mjolnir1/people/sjr729/tutorial/skimming_scripts/oedulis/skmer/echarvel_Steinoedulis_fast-skims_results_04.08_onlymicrobe/bbmap_reads/SRR26417096.fastq	10805196	2.416895119065519	4470693
/maps/projects/mjolnir1/people/sjr729/tutorial/skimming_scripts/oedulis/skmer/echarvel_Steinoedulis_fast-skims_results_04.08_onlymicrobe/bbmap_reads/SRR26417097.fastq	9425268	2.155581564814168	4372494
/maps/projects/mjolnir1/people/sjr729/tutorial/skimming_scripts/oedulis/skmer/echarvel_Steinoedulis_fast-skims_results_04.08_onlymicrobe/bbmap_reads/SRR26417098.fastq	11868500	2.446109706318774	4851990
/maps/projects/mjolnir1/people/sjr729/tutorial/skimming_scripts/oedulis/skmer/echarvel_Steinoedulis_fast-skims_results_04.08_onlymicrobe/bbmap_reads/SRR26417100.fastq	7530010	1.884830608850831	3995059
/maps/projects/mjolnir1/people/sjr729/tutorial/skimming_scripts/oedulis/skmer/echarvel_Steinoedulis_fast-skims_results_04.08_onlymicrobe/bbmap_reads/SRR26417101.fastq	6131262	1.7346149772576007	3534653
/maps/projects/mjolnir1/people/sjr729/tutorial/skimming_scripts/oedulis/skmer/echarvel_Steinoedulis_fast-skims_results_04.08_onlymicrobe/bbmap_reads/SRR26417102.fastq	7646978	1.9332892875472225	3955424
/maps/projects/mjolnir1/people/sjr729/tutorial/skimming_scripts/oedulis/skmer/echarvel_Steinoedulis_fast-skims_results_04.08_onlymicrobe/bbmap_reads/SRR26417103.fastq	19575516	3.1793942779713773	6156995
/maps/projects/mjolnir1/people/sjr729/tutorial/skimming_scripts/oedulis/skmer/echarvel_Steinoedulis_fast-skims_results_04.08_onlymicrobe/bbmap_reads/SRR26417104.fastq	19997282	3.056840052419857	6541815
/maps/projects/mjolnir1/people/sjr729/tutorial/skimming_scripts/oedulis/skmer/echarvel_Steinoedulis_fast-skims_results_04.08_onlymicrobe/bbmap_reads/SRR26417136.fastq	12597542	2.537657348644835	4964241
/maps/projects/mjolnir1/people/sjr729/tutorial/skimming_scripts/oedulis/skmer/echarvel_Steinoedulis_fast-skims_results_04.08_onlymicrobe/bbmap_reads/SRR26417137.fastq	7755110	2.066176835933295	3753362
/maps/projects/mjolnir1/people/sjr729/tutorial/skimming_scripts/oedulis/skmer/echarvel_Steinoedulis_fast-skims_results_04.08_onlymicrobe/bbmap_reads/SRR26417139.fastq	8890668	2.0901398479542803	4253624
/maps/projects/mjolnir1/people/sjr729/tutorial/skimming_scripts/oedulis/skmer/echarvel_Steinoedulis_fast-skims_results_04.08_onlymicrobe/bbmap_reads/SRR26417140.fastq	11148764	2.4469078784264657	4556266
/maps/projects/mjolnir1/people/sjr729/tutorial/skimming_scripts/oedulis/skmer/echarvel_Steinoedulis_fast-skims_results_04.08_onlymicrobe/bbmap_reads/SRR26417141.fastq	15753384	2.879933964805009	5470050
/maps/projects/mjolnir1/people/sjr729/tutorial/skimming_scripts/oedulis/skmer/echarvel_Steinoedulis_fast-skims_results_04.08_onlymicrobe/bbmap_reads/SRR26417142.fastq	10471282	2.379255626262278	4401075
/maps/projects/mjolnir1/people/sjr729/tutorial/skimming_scripts/oedulis/skmer/echarvel_Steinoedulis_fast-skims_results_04.08_onlymicrobe/bbmap_reads/SRR26417143.fastq	7934106	1.9390197365910982	4091813
/maps/projects/mjolnir1/people/sjr729/tutorial/skimming_scripts/oedulis/skmer/echarvel_Steinoedulis_fast-skims_results_04.08_onlymicrobe/bbmap_reads/SRR26417144.fastq	11636292	2.4058207211285327	4836724
/maps/projects/mjolnir1/people/sjr729/tutorial/skimming_scripts/oedulis/skmer/echarvel_Steinoedulis_fast-skims_results_04.08_onlymicrobe/bbmap_reads/SRR26417146.fastq	10979488	2.4426059959449384	4494989
/maps/projects/mjolnir1/people/sjr729/tutorial/skimming_scripts/oedulis/skmer/echarvel_Steinoedulis_fast-skims_results_04.08_onlymicrobe/bbmap_reads/SRR26417147.fastq	10266166	2.131988924235359	4815300
/maps/projects/mjolnir1/people/sjr729/tutorial/skimming_scripts/oedulis/skmer/echarvel_Steinoedulis_fast-skims_results_04.08_onlymicrobe/bbmap_reads/SRR26417148.fastq	11759638	2.394739854863197	4910612
/maps/projects/mjolnir1/people/sjr729/tutorial/skimming_scripts/oedulis/skmer/echarvel_Steinoedulis_fast-skims_results_04.08_onlymicrobe/bbmap_reads/SRR26417149.fastq	14241032	2.699796174663563	5274854
/maps/projects/mjolnir1/people/sjr729/tutorial/skimming_scripts/oedulis/skmer/echarvel_Steinoedulis_fast-skims_results_04.08_onlymicrobe/bbmap_reads/SRR26417150.fastq	8482692	2.026495309480473	4185893
/maps/projects/mjolnir1/people/sjr729/tutorial/skimming_scripts/oedulis/skmer/echarvel_Steinoedulis_fast-skims_results_04.08_onlymicrobe/bbmap_reads/SRR26417151.fastq	8652986	1.9901294071326534	4347951
/maps/projects/mjolnir1/people/sjr729/tutorial/skimming_scripts/oedulis/skmer/echarvel_Steinoedulis_fast-skims_results_04.08_onlymicrobe/bbmap_reads/SRR26417173.fastq	8530386	2.1399676539180734	3986222
/maps/projects/mjolnir1/people/sjr729/tutorial/skimming_scripts/oedulis/skmer/echarvel_Steinoedulis_fast-skims_results_04.08_onlymicrobe/bbmap_reads/SRR26417184.fastq	25354874	3.8259755455051074	6627035
/maps/projects/mjolnir1/people/sjr729/tutorial/skimming_scripts/oedulis/skmer/echarvel_Steinoedulis_fast-skims_results_04.08_onlymicrobe/bbmap_reads/SRR26417185.fastq	9568342	2.1363907236743382	4478742
/maps/projects/mjolnir1/people/sjr729/tutorial/skimming_scripts/oedulis/skmer/echarvel_Steinoedulis_fast-skims_results_04.08_onlymicrobe/bbmap_reads/SRR26417186.fastq	10654758	2.305270401419336	4621912
/maps/projects/mjolnir1/people/sjr729/tutorial/skimming_scripts/oedulis/skmer/echarvel_Steinoedulis_fast-skims_results_04.08_onlymicrobe/bbmap_reads/SRR26417218.fastq	14181674	2.852704128644221	4971309
/maps/projects/mjolnir1/people/sjr729/tutorial/skimming_scripts/oedulis/skmer/echarvel_Steinoedulis_fast-skims_results_04.08_onlymicrobe/bbmap_reads/SRR26417241.fastq	2694456	1.0	2694456
/maps/projects/mjolnir1/people/sjr729/tutorial/skimming_scripts/oedulis/skmer/echarvel_Steinoedulis_fast-skims_results_04.08_onlymicrobe/bbmap_reads/SRR26417242.fastq	12337584	2.5397295233349775	4857834
/maps/projects/mjolnir1/people/sjr729/tutorial/skimming_scripts/oedulis/skmer/echarvel_Steinoedulis_fast-skims_results_04.08_onlymicrobe/bbmap_reads/SRR26417243.fastq	13703276	2.723429552778766	5031625
/maps/projects/mjolnir1/people/sjr729/tutorial/skimming_scripts/oedulis/skmer/echarvel_Steinoedulis_fast-skims_results_04.08_onlymicrobe/bbmap_reads/SRR26417244.fastq	7953288	2.0260437450665103	3925526
/maps/projects/mjolnir1/people/sjr729/tutorial/skimming_scripts/oedulis/skmer/echarvel_Steinoedulis_fast-skims_results_04.08_onlymicrobe/bbmap_reads/SRR26417246.fastq	16100896	2.8205975645733727	5708328
/maps/projects/mjolnir1/people/sjr729/tutorial/skimming_scripts/oedulis/skmer/echarvel_Steinoedulis_fast-skims_results_04.08_onlymicrobe/bbmap_reads/SRR26417247.fastq	9906320	2.283782066356498	4337682
/maps/projects/mjolnir1/people/sjr729/tutorial/skimming_scripts/oedulis/skmer/echarvel_Steinoedulis_fast-skims_results_04.08_onlymicrobe/bbmap_reads/SRR26417248.fastq	11804764	2.5618556189778956	4607896
/maps/projects/mjolnir1/people/sjr729/tutorial/skimming_scripts/oedulis/skmer/echarvel_Steinoedulis_fast-skims_results_04.08_onlymicrobe/bbmap_reads/SRR26417249.fastq	6250910	1.6759813136700128	3729701
/maps/projects/mjolnir1/people/sjr729/tutorial/skimming_scripts/oedulis/skmer/echarvel_Steinoedulis_fast-skims_results_04.08_onlymicrobe/bbmap_reads/SRR26417250.fastq	11106782	2.3894851508990778	4648190
/maps/projects/mjolnir1/people/sjr729/tutorial/skimming_scripts/oedulis/skmer/echarvel_Steinoedulis_fast-skims_results_04.08_onlymicrobe/bbmap_reads/SRR26417251.fastq	6089098	1.67460589700283	3636138
/maps/projects/mjolnir1/people/sjr729/tutorial/skimming_scripts/oedulis/skmer/echarvel_Steinoedulis_fast-skims_results_04.08_onlymicrobe/bbmap_reads/SRR26417252.fastq	9897410	2.2350327854805405	4428306
/maps/projects/mjolnir1/people/sjr729/tutorial/skimming_scripts/oedulis/skmer/echarvel_Steinoedulis_fast-skims_results_04.08_onlymicrobe/bbmap_reads/SRR26417253.fastq	9821402	2.2859193380774685	4296478
/maps/projects/mjolnir1/people/sjr729/tutorial/skimming_scripts/oedulis/skmer/echarvel_Steinoedulis_fast-skims_results_04.08_onlymicrobe/bbmap_reads/SRR26417254.fastq	11803742	2.296527809122322	5139821
/maps/projects/mjolnir1/people/sjr729/tutorial/skimming_scripts/oedulis/skmer/echarvel_Steinoedulis_fast-skims_results_04.08_onlymicrobe/bbmap_reads/SRR26417255.fastq	10970774	2.308401813515314	4752541
/maps/projects/mjolnir1/people/sjr729/tutorial/skimming_scripts/oedulis/skmer/echarvel_Steinoedulis_fast-skims_results_04.08_onlymicrobe/bbmap_reads/SRR26417257.fastq	9499206	2.2940930024695785	4140724
/maps/projects/mjolnir1/people/sjr729/tutorial/skimming_scripts/oedulis/skmer/echarvel_Steinoedulis_fast-skims_results_04.08_onlymicrobe/bbmap_reads/SRR26417258.fastq	18307138	2.8961209319536554	6321262
/maps/projects/mjolnir1/people/sjr729/tutorial/skimming_scripts/oedulis/skmer/echarvel_Steinoedulis_fast-skims_results_04.08_onlymicrobe/bbmap_reads/SRR26417259.fastq	17146930	3.0551160415423304	5612530
/maps/projects/mjolnir1/people/sjr729/tutorial/skimming_scripts/oedulis/skmer/echarvel_Steinoedulis_fast-skims_results_04.08_onlymicrobe/bbmap_reads/SRR26417260.fastq	15635342	2.678484975975002	5837383
/maps/projects/mjolnir1/people/sjr729/tutorial/skimming_scripts/oedulis/skmer/echarvel_Steinoedulis_fast-skims_results_04.08_onlymicrobe/bbmap_reads/SRR26417261.fastq	9881486	2.197037856476102	4497640
/maps/projects/mjolnir1/people/sjr729/tutorial/skimming_scripts/oedulis/skmer/echarvel_Steinoedulis_fast-skims_results_04.08_onlymicrobe/bbmap_reads/SRR26417262.fastq	13319604	2.6622891724627507	5003064
/maps/projects/mjolnir1/people/sjr729/tutorial/skimming_scripts/oedulis/skmer/echarvel_Steinoedulis_fast-skims_results_04.08_onlymicrobe/bbmap_reads/SRR26417263.fastq	12821708	2.682224374046984	4780252
/maps/projects/mjolnir1/people/sjr729/tutorial/skimming_scripts/oedulis/skmer/echarvel_Steinoedulis_fast-skims_results_04.08_onlymicrobe/bbmap_reads/SRR26417264.fastq	11801124	2.4545126900508696	4807930
/maps/projects/mjolnir1/people/sjr729/tutorial/skimming_scripts/oedulis/skmer/echarvel_Steinoedulis_fast-skims_results_04.08_onlymicrobe/bbmap_reads/SRR26417265.fastq	10641440	2.225512571540954	4781568
/maps/projects/mjolnir1/people/sjr729/tutorial/skimming_scripts/oedulis/skmer/echarvel_Steinoedulis_fast-skims_results_04.08_onlymicrobe/bbmap_reads/SRR26417266.fastq	3091668	1.1873958577180523	2603738
/maps/projects/mjolnir1/people/sjr729/tutorial/skimming_scripts/oedulis/skmer/echarvel_Steinoedulis_fast-skims_results_04.08_onlymicrobe/bbmap_reads/SRR26417267.fastq	10991858	2.293918018027564	4791740
/maps/projects/mjolnir1/people/sjr729/tutorial/skimming_scripts/oedulis/skmer/echarvel_Steinoedulis_fast-skims_results_04.08_onlymicrobe/bbmap_reads/SRR26417268.fastq	7703048	1.9706218522530334	3908943
/maps/projects/mjolnir1/people/sjr729/tutorial/skimming_scripts/oedulis/skmer/echarvel_Steinoedulis_fast-skims_results_04.08_onlymicrobe/bbmap_reads/SRR26417269.fastq	8837218	2.1127949488732227	4182714
/maps/projects/mjolnir1/people/sjr729/tutorial/skimming_scripts/oedulis/skmer/echarvel_Steinoedulis_fast-skims_results_04.08_onlymicrobe/bbmap_reads/SRR26417270.fastq	8890180	2.1235472570271416	4186476
/maps/projects/mjolnir1/people/sjr729/tutorial/skimming_scripts/oedulis/skmer/echarvel_Steinoedulis_fast-skims_results_04.08_onlymicrobe/bbmap_reads/SRR26417271.fastq	11901396	2.3073302196821794	5158081
/maps/projects/mjolnir1/people/sjr729/tutorial/skimming_scripts/oedulis/skmer/echarvel_Steinoedulis_fast-skims_results_04.08_onlymicrobe/bbmap_reads/SRR26417272.fastq	15069638	2.667392142569488	5649577
/maps/projects/mjolnir1/people/sjr729/tutorial/skimming_scripts/oedulis/skmer/echarvel_Steinoedulis_fast-skims_results_04.08_onlymicrobe/bbmap_reads/SRR26417273.fastq	13150728	2.567492739453253	5122012
/maps/projects/mjolnir1/people/sjr729/tutorial/skimming_scripts/oedulis/skmer/echarvel_Steinoedulis_fast-skims_results_04.08_onlymicrobe/bbmap_reads/SRR26417274.fastq	8855202	2.0756123369931196	4266308
/maps/projects/mjolnir1/people/sjr729/tutorial/skimming_scripts/oedulis/skmer/echarvel_Steinoedulis_fast-skims_results_04.08_onlymicrobe/bbmap_reads/SRR26417276.fastq	9900302	2.261342651230175	4378064
/maps/projects/mjolnir1/people/sjr729/tutorial/skimming_scripts/oedulis/skmer/echarvel_Steinoedulis_fast-skims_results_04.08_onlymicrobe/bbmap_reads/SRR26417277.fastq	12959446	2.586579571776577	5010264
/maps/projects/mjolnir1/people/sjr729/tutorial/skimming_scripts/oedulis/skmer/echarvel_Steinoedulis_fast-skims_results_04.08_onlymicrobe/bbmap_reads/SRR26417278.fastq	9141440	2.020766964927404	4523748
/maps/projects/mjolnir1/people/sjr729/tutorial/skimming_scripts/oedulis/skmer/echarvel_Steinoedulis_fast-skims_results_04.08_onlymicrobe/bbmap_reads/SRR26417279.fastq	10491450	2.2800840413463925	4601344
/maps/projects/mjolnir1/people/sjr729/tutorial/skimming_scripts/oedulis/skmer/echarvel_Steinoedulis_fast-skims_results_04.08_onlymicrobe/bbmap_reads/SRR26417280.fastq	10888344	2.351722194280023	4629945
/maps/projects/mjolnir1/people/sjr729/tutorial/skimming_scripts/oedulis/skmer/echarvel_Steinoedulis_fast-skims_results_04.08_onlymicrobe/bbmap_reads/SRR26417281.fastq	8066352	2.0749365917975204	3887517
/maps/projects/mjolnir1/people/sjr729/tutorial/skimming_scripts/oedulis/skmer/echarvel_Steinoedulis_fast-skims_results_04.08_onlymicrobe/bbmap_reads/SRR26417282.fastq	13252712	2.615034996352769	5067891
/maps/projects/mjolnir1/people/sjr729/tutorial/skimming_scripts/oedulis/skmer/echarvel_Steinoedulis_fast-skims_results_04.08_onlymicrobe/bbmap_reads/SRR26417283.fastq	11133890	2.4352063451062915	4572052
/maps/projects/mjolnir1/people/sjr729/tutorial/skimming_scripts/oedulis/skmer/echarvel_Steinoedulis_fast-skims_results_04.08_onlymicrobe/bbmap_reads/SRR26417284.fastq	18492692	3.008891115062854	6146016
/maps/projects/mjolnir1/people/sjr729/tutorial/skimming_scripts/oedulis/skmer/echarvel_Steinoedulis_fast-skims_results_04.08_onlymicrobe/bbmap_reads/SRR26417285.fastq	11278170	2.349694006488657	4799846
/maps/projects/mjolnir1/people/sjr729/tutorial/skimming_scripts/oedulis/skmer/echarvel_Steinoedulis_fast-skims_results_04.08_onlymicrobe/bbmap_reads/SRR26417292.fastq	12838180	2.530847237590375	5072681
/maps/projects/mjolnir1/people/sjr729/tutorial/skimming_scripts/oedulis/skmer/echarvel_Steinoedulis_fast-skims_results_04.08_onlymicrobe/bbmap_reads/SRR26417303.fastq	15710746	2.88779432707028	5440396
/maps/projects/mjolnir1/people/sjr729/tutorial/skimming_scripts/oedulis/skmer/echarvel_Steinoedulis_fast-skims_results_04.08_onlymicrobe/bbmap_reads/SRR26417370.fastq	13555414	2.7004773022172035	5019636
/maps/projects/mjolnir1/people/sjr729/tutorial/skimming_scripts/oedulis/skmer/echarvel_Steinoedulis_fast-skims_results_04.08_onlymicrobe/bbmap_reads/SRR26417371.fastq	13477724	2.6656432629021864	5056087
/maps/projects/mjolnir1/people/sjr729/tutorial/skimming_scripts/oedulis/skmer/echarvel_Steinoedulis_fast-skims_results_04.08_onlymicrobe/bbmap_reads/SRR26417373.fastq	14433022	2.7742776657549357	5202443
/maps/projects/mjolnir1/people/sjr729/tutorial/skimming_scripts/oedulis/skmer/echarvel_Steinoedulis_fast-skims_results_04.08_onlymicrobe/bbmap_reads/SRR26417374.fastq	10350670	2.2082183835843052	4687340
/maps/projects/mjolnir1/people/sjr729/tutorial/skimming_scripts/oedulis/skmer/echarvel_Steinoedulis_fast-skims_results_04.08_onlymicrobe/bbmap_reads/SRR26417375.fastq	10804596	2.5937235946985506	4165670
/maps/projects/mjolnir1/people/sjr729/tutorial/skimming_scripts/oedulis/skmer/echarvel_Steinoedulis_fast-skims_results_04.08_onlymicrobe/bbmap_reads/SRR26417376.fastq	16186056	2.9988349356191573	5397448
/maps/projects/mjolnir1/people/sjr729/tutorial/skimming_scripts/oedulis/skmer/echarvel_Steinoedulis_fast-skims_results_04.08_onlymicrobe/bbmap_reads/SRR26417377.fastq	12289412	2.591514225892039	4742174
/maps/projects/mjolnir1/people/sjr729/tutorial/skimming_scripts/oedulis/skmer/echarvel_Steinoedulis_fast-skims_results_04.08_onlymicrobe/bbmap_reads/SRR26417378.fastq	9908976	2.3310379172396893	4250886
/maps/projects/mjolnir1/people/sjr729/tutorial/skimming_scripts/oedulis/skmer/echarvel_Steinoedulis_fast-skims_results_04.08_onlymicrobe/bbmap_reads/SRR26417379.fastq	9863818	2.3200356794212027	4251580
/maps/projects/mjolnir1/people/sjr729/tutorial/skimming_scripts/oedulis/skmer/echarvel_Steinoedulis_fast-skims_results_04.08_onlymicrobe/bbmap_reads/SRR26417380.fastq	8524184	2.054383024242648	4149267
/maps/projects/mjolnir1/people/sjr729/tutorial/skimming_scripts/oedulis/skmer/echarvel_Steinoedulis_fast-skims_results_04.08_onlymicrobe/bbmap_reads/SRR26417381.fastq	11450972	2.5118625328946873	4558757
/maps/projects/mjolnir1/people/sjr729/tutorial/skimming_scripts/oedulis/skmer/echarvel_Steinoedulis_fast-skims_results_04.08_onlymicrobe/bbmap_reads/SRR26417382.fastq	15300624	2.92983929102926	5222342
/maps/projects/mjolnir1/people/sjr729/tutorial/skimming_scripts/oedulis/skmer/echarvel_Steinoedulis_fast-skims_results_04.08_onlymicrobe/bbmap_reads/SRR26417384.fastq	13410478	2.620211124990017	5118091
/maps/projects/mjolnir1/people/sjr729/tutorial/skimming_scripts/oedulis/skmer/echarvel_Steinoedulis_fast-skims_results_04.08_onlymicrobe/bbmap_reads/SRR26417401.fastq	9253802	2.1110333288838166	4383541
/maps/projects/mjolnir1/people/sjr729/tutorial/skimming_scripts/oedulis/skmer/echarvel_Steinoedulis_fast-skims_results_04.08_onlymicrobe/bbmap_reads/SRR26417402.fastq	17567516	2.9247724139050137	6006456
/maps/projects/mjolnir1/people/sjr729/tutorial/skimming_scripts/oedulis/skmer/echarvel_Steinoedulis_fast-skims_results_04.08_onlymicrobe/bbmap_reads/SRR26417403.fastq	10570904	2.195570938323185	4814649
/maps/projects/mjolnir1/people/sjr729/tutorial/skimming_scripts/oedulis/skmer/echarvel_Steinoedulis_fast-skims_results_04.08_onlymicrobe/bbmap_reads/SRR26417404.fastq	11885936	2.39351024560509	4965901
/maps/projects/mjolnir1/people/sjr729/tutorial/skimming_scripts/oedulis/skmer/echarvel_Steinoedulis_fast-skims_results_04.08_onlymicrobe/bbmap_reads/SRR26417405.fastq	8145156	2.095699589464671	3886605
/maps/projects/mjolnir1/people/sjr729/tutorial/skimming_scripts/oedulis/skmer/echarvel_Steinoedulis_fast-skims_results_04.08_onlymicrobe/bbmap_reads/SRR26417407.fastq	11104712	2.3113873696655634	4804349
/maps/projects/mjolnir1/people/sjr729/tutorial/skimming_scripts/oedulis/skmer/echarvel_Steinoedulis_fast-skims_results_04.08_onlymicrobe/bbmap_reads/SRR26417408.fastq	14415304	2.7379365574757073	5265025
/maps/projects/mjolnir1/people/sjr729/tutorial/skimming_scripts/oedulis/skmer/echarvel_Steinoedulis_fast-skims_results_04.08_onlymicrobe/bbmap_reads/SRR26417445.fastq	6271064	1.8081671363241933	3468188
/maps/projects/mjolnir1/people/sjr729/tutorial/skimming_scripts/oedulis/skmer/echarvel_Steinoedulis_fast-skims_results_04.08_onlymicrobe/bbmap_reads/SRR26417446.fastq	7458788	2.038971785821135	3658112
/maps/projects/mjolnir1/people/sjr729/tutorial/skimming_scripts/oedulis/skmer/echarvel_Steinoedulis_fast-skims_results_04.08_onlymicrobe/bbmap_reads/SRR26417447.fastq	10115456	2.2856442494639584	4425648
/maps/projects/mjolnir1/people/sjr729/tutorial/skimming_scripts/oedulis/skmer/echarvel_Steinoedulis_fast-skims_results_04.08_onlymicrobe/bbmap_reads/SRR26417448.fastq	10869982	2.3248387023858226	4675585
/maps/projects/mjolnir1/people/sjr729/tutorial/skimming_scripts/oedulis/skmer/echarvel_Steinoedulis_fast-skims_results_04.08_onlymicrobe/bbmap_reads/SRR26417449.fastq	8315312	2.006675010282473	4143826
/maps/projects/mjolnir1/people/sjr729/tutorial/skimming_scripts/oedulis/skmer/echarvel_Steinoedulis_fast-skims_results_04.08_onlymicrobe/bbmap_reads/SRR26417450.fastq	12972490	2.540421773414502	5106432
/maps/projects/mjolnir1/people/sjr729/tutorial/skimming_scripts/oedulis/skmer/echarvel_Steinoedulis_fast-skims_results_04.08_onlymicrobe/bbmap_reads/SRR26417451.fastq	9870278	2.138944926739014	4614555
/maps/projects/mjolnir1/people/sjr729/tutorial/skimming_scripts/oedulis/skmer/echarvel_Steinoedulis_fast-skims_results_04.08_onlymicrobe/bbmap_reads/SRR26417452.fastq	28389948	3.9796114663547377	7133849
/maps/projects/mjolnir1/people/sjr729/tutorial/skimming_scripts/oedulis/skmer/echarvel_Steinoedulis_fast-skims_results_04.08_onlymicrobe/bbmap_reads/SRR26417453.fastq	5633156	1.5740821803253449	3578692
/maps/projects/mjolnir1/people/sjr729/tutorial/skimming_scripts/oedulis/skmer/echarvel_Steinoedulis_fast-skims_results_04.08_onlymicrobe/bbmap_reads/SRR26417454.fastq	17443946	3.0645900682885068	5692098
/maps/projects/mjolnir1/people/sjr729/tutorial/skimming_scripts/oedulis/skmer/echarvel_Steinoedulis_fast-skims_results_04.08_onlymicrobe/bbmap_reads/SRR26417456.fastq	13131164	2.5905035318099663	5068962
/maps/projects/mjolnir1/people/sjr729/tutorial/skimming_scripts/oedulis/skmer/echarvel_Steinoedulis_fast-skims_results_04.08_onlymicrobe/bbmap_reads/SRR26417457.fastq	13788848	2.7456842978603655	5022008
/maps/projects/mjolnir1/people/sjr729/tutorial/skimming_scripts/oedulis/skmer/echarvel_Steinoedulis_fast-skims_results_04.08_onlymicrobe/bbmap_reads/SRR26417458.fastq	9952964	2.140952567686479	4648848
/maps/projects/mjolnir1/people/sjr729/tutorial/skimming_scripts/oedulis/skmer/echarvel_Steinoedulis_fast-skims_results_04.08_onlymicrobe/bbmap_reads/SRR26417459.fastq	12475218	2.5979894863670587	4801874
/maps/projects/mjolnir1/people/sjr729/tutorial/skimming_scripts/oedulis/skmer/echarvel_Steinoedulis_fast-skims_results_04.08_onlymicrobe/bbmap_reads/SRR26417460.fastq	13630256	2.6407516511374585	5161506
/maps/projects/mjolnir1/people/sjr729/tutorial/skimming_scripts/oedulis/skmer/echarvel_Steinoedulis_fast-skims_results_04.08_onlymicrobe/bbmap_reads/SRR26417461.fastq	17700528	3.1666589390025606	5589654
/maps/projects/mjolnir1/people/sjr729/tutorial/skimming_scripts/oedulis/skmer/echarvel_Steinoedulis_fast-skims_results_04.08_onlymicrobe/bbmap_reads/SRR26417462.fastq	11387828	2.4166530152237167	4712231
/maps/projects/mjolnir1/people/sjr729/tutorial/skimming_scripts/oedulis/skmer/echarvel_Steinoedulis_fast-skims_results_04.08_onlymicrobe/bbmap_reads/SRR26417526.fastq	15144184	2.627763902640668	5763145
/maps/projects/mjolnir1/people/sjr729/tutorial/skimming_scripts/oedulis/skmer/echarvel_Steinoedulis_fast-skims_results_04.08_onlymicrobe/bbmap_reads/SRR26417588.fastq	8254464	2.0258141444302384	4074640
/maps/projects/mjolnir1/people/sjr729/tutorial/skimming_scripts/oedulis/skmer/echarvel_Steinoedulis_fast-skims_results_04.08_onlymicrobe/bbmap_reads/SRR26417599.fastq	7561428	1.9480552536757485	3881526
/maps/projects/mjolnir1/people/sjr729/tutorial/skimming_scripts/oedulis/skmer/echarvel_Steinoedulis_fast-skims_results_04.08_onlymicrobe/bbmap_reads/SRR26417608.fastq	15199532	2.8878594591045266	5263252
/maps/projects/mjolnir1/people/sjr729/tutorial/skimming_scripts/oedulis/skmer/echarvel_Steinoedulis_fast-skims_results_04.08_onlymicrobe/bbmap_reads/SRR26417619.fastq	17156316	2.8651464982576265	5987937
/maps/projects/mjolnir1/people/sjr729/tutorial/skimming_scripts/oedulis/skmer/echarvel_Steinoedulis_fast-skims_results_04.08_onlymicrobe/bbmap_reads/SRR26417631.fastq	11585642	2.3707121989425213	4886988
/maps/projects/mjolnir1/people/sjr729/tutorial/skimming_scripts/oedulis/skmer/echarvel_Steinoedulis_fast-skims_results_04.08_onlymicrobe/bbmap_reads/SRR26417632.fastq	8876624	2.061521088986478	4305861
/maps/projects/mjolnir1/people/sjr729/tutorial/skimming_scripts/oedulis/skmer/echarvel_Steinoedulis_fast-skims_results_04.08_onlymicrobe/bbmap_reads/SRR26417633.fastq	13608514	2.6304995587996545	5173357
/maps/projects/mjolnir1/people/sjr729/tutorial/skimming_scripts/oedulis/skmer/echarvel_Steinoedulis_fast-skims_results_04.08_onlymicrobe/bbmap_reads/SRR26417635.fastq	17704444	3.0122950877096932	5877394
/maps/projects/mjolnir1/people/sjr729/tutorial/skimming_scripts/oedulis/skmer/echarvel_Steinoedulis_fast-skims_results_04.08_onlymicrobe/bbmap_reads/SRR26417636.fastq	16615944	2.928286223405437	5674290
/maps/projects/mjolnir1/people/sjr729/tutorial/skimming_scripts/oedulis/skmer/echarvel_Steinoedulis_fast-skims_results_04.08_onlymicrobe/bbmap_reads/SRR26417674.fastq	14770950	2.732482718281276	5405688
