SRR26416937_1.fastq.gz	/maps/projects/mjolnir1/people/sjr729/tutorial/skimming_scripts/oedulis/fastq/SRR26416937_1.fastq.gz
SRR26416937_2.fastq.gz	/maps/projects/mjolnir1/people/sjr729/tutorial/skimming_scripts/oedulis/fastq/SRR26416937_2.fastq.gz
SRR26416938_1.fastq.gz	/maps/projects/mjolnir1/people/sjr729/tutorial/skimming_scripts/oedulis/fastq/SRR26416938_1.fastq.gz
SRR26416938_2.fastq.gz	/maps/projects/mjolnir1/people/sjr729/tutorial/skimming_scripts/oedulis/fastq/SRR26416938_2.fastq.gz
SRR26416939_1.fastq.gz	/maps/projects/mjolnir1/people/sjr729/tutorial/skimming_scripts/oedulis/fastq/SRR26416939_1.fastq.gz
SRR26416939_2.fastq.gz	/maps/projects/mjolnir1/people/sjr729/tutorial/skimming_scripts/oedulis/fastq/SRR26416939_2.fastq.gz
SRR26416940_1.fastq.gz	/maps/projects/mjolnir1/people/sjr729/tutorial/skimming_scripts/oedulis/fastq/SRR26416940_1.fastq.gz
SRR26416940_2.fastq.gz	/maps/projects/mjolnir1/people/sjr729/tutorial/skimming_scripts/oedulis/fastq/SRR26416940_2.fastq.gz
SRR26416941_1.fastq.gz	/maps/projects/mjolnir1/people/sjr729/tutorial/skimming_scripts/oedulis/fastq/SRR26416941_1.fastq.gz
SRR26416941_2.fastq.gz	/maps/projects/mjolnir1/people/sjr729/tutorial/skimming_scripts/oedulis/fastq/SRR26416941_2.fastq.gz
SRR26416943_1.fastq.gz	/maps/projects/mjolnir1/people/sjr729/tutorial/skimming_scripts/oedulis/fastq/SRR26416943_1.fastq.gz
SRR26416943_2.fastq.gz	/maps/projects/mjolnir1/people/sjr729/tutorial/skimming_scripts/oedulis/fastq/SRR26416943_2.fastq.gz
SRR26416944_1.fastq.gz	/maps/projects/mjolnir1/people/sjr729/tutorial/skimming_scripts/oedulis/fastq/SRR26416944_1.fastq.gz
SRR26416944_2.fastq.gz	/maps/projects/mjolnir1/people/sjr729/tutorial/skimming_scripts/oedulis/fastq/SRR26416944_2.fastq.gz
SRR26416945_1.fastq.gz	/maps/projects/mjolnir1/people/sjr729/tutorial/skimming_scripts/oedulis/fastq/SRR26416945_1.fastq.gz
SRR26416945_2.fastq.gz	/maps/projects/mjolnir1/people/sjr729/tutorial/skimming_scripts/oedulis/fastq/SRR26416945_2.fastq.gz
SRR26416946_1.fastq.gz	/maps/projects/mjolnir1/people/sjr729/tutorial/skimming_scripts/oedulis/fastq/SRR26416946_1.fastq.gz
SRR26416946_2.fastq.gz	/maps/projects/mjolnir1/people/sjr729/tutorial/skimming_scripts/oedulis/fastq/SRR26416946_2.fastq.gz
SRR26416948_1.fastq.gz	/maps/projects/mjolnir1/people/sjr729/tutorial/skimming_scripts/oedulis/fastq/SRR26416948_1.fastq.gz
SRR26416948_2.fastq.gz	/maps/projects/mjolnir1/people/sjr729/tutorial/skimming_scripts/oedulis/fastq/SRR26416948_2.fastq.gz
SRR26416959_1.fastq.gz	/maps/projects/mjolnir1/people/sjr729/tutorial/skimming_scripts/oedulis/fastq/SRR26416959_1.fastq.gz
SRR26416959_2.fastq.gz	/maps/projects/mjolnir1/people/sjr729/tutorial/skimming_scripts/oedulis/fastq/SRR26416959_2.fastq.gz
SRR26416970_1.fastq.gz	/maps/projects/mjolnir1/people/sjr729/tutorial/skimming_scripts/oedulis/fastq/SRR26416970_1.fastq.gz
SRR26416970_2.fastq.gz	/maps/projects/mjolnir1/people/sjr729/tutorial/skimming_scripts/oedulis/fastq/SRR26416970_2.fastq.gz
SRR26417043_1.fastq.gz	/maps/projects/mjolnir1/people/sjr729/tutorial/skimming_scripts/oedulis/fastq/SRR26417043_1.fastq.gz
SRR26417043_2.fastq.gz	/maps/projects/mjolnir1/people/sjr729/tutorial/skimming_scripts/oedulis/fastq/SRR26417043_2.fastq.gz
SRR26417044_1.fastq.gz	/maps/projects/mjolnir1/people/sjr729/tutorial/skimming_scripts/oedulis/fastq/SRR26417044_1.fastq.gz
SRR26417044_2.fastq.gz	/maps/projects/mjolnir1/people/sjr729/tutorial/skimming_scripts/oedulis/fastq/SRR26417044_2.fastq.gz
SRR26417045_1.fastq.gz	/maps/projects/mjolnir1/people/sjr729/tutorial/skimming_scripts/oedulis/fastq/SRR26417045_1.fastq.gz
SRR26417045_2.fastq.gz	/maps/projects/mjolnir1/people/sjr729/tutorial/skimming_scripts/oedulis/fastq/SRR26417045_2.fastq.gz
SRR26417046_1.fastq.gz	/maps/projects/mjolnir1/people/sjr729/tutorial/skimming_scripts/oedulis/fastq/SRR26417046_1.fastq.gz
SRR26417046_2.fastq.gz	/maps/projects/mjolnir1/people/sjr729/tutorial/skimming_scripts/oedulis/fastq/SRR26417046_2.fastq.gz
SRR26417047_1.fastq.gz	/maps/projects/mjolnir1/people/sjr729/tutorial/skimming_scripts/oedulis/fastq/SRR26417047_1.fastq.gz
SRR26417047_2.fastq.gz	/maps/projects/mjolnir1/people/sjr729/tutorial/skimming_scripts/oedulis/fastq/SRR26417047_2.fastq.gz
SRR26417048_1.fastq.gz	/maps/projects/mjolnir1/people/sjr729/tutorial/skimming_scripts/oedulis/fastq/SRR26417048_1.fastq.gz
SRR26417048_2.fastq.gz	/maps/projects/mjolnir1/people/sjr729/tutorial/skimming_scripts/oedulis/fastq/SRR26417048_2.fastq.gz
SRR26417053_1.fastq.gz	/maps/projects/mjolnir1/people/sjr729/tutorial/skimming_scripts/oedulis/fastq/SRR26417053_1.fastq.gz
SRR26417053_2.fastq.gz	/maps/projects/mjolnir1/people/sjr729/tutorial/skimming_scripts/oedulis/fastq/SRR26417053_2.fastq.gz
SRR26417091_1.fastq.gz	/maps/projects/mjolnir1/people/sjr729/tutorial/skimming_scripts/oedulis/fastq/SRR26417091_1.fastq.gz
SRR26417091_2.fastq.gz	/maps/projects/mjolnir1/people/sjr729/tutorial/skimming_scripts/oedulis/fastq/SRR26417091_2.fastq.gz
SRR26417092_1.fastq.gz	/maps/projects/mjolnir1/people/sjr729/tutorial/skimming_scripts/oedulis/fastq/SRR26417092_1.fastq.gz
SRR26417092_2.fastq.gz	/maps/projects/mjolnir1/people/sjr729/tutorial/skimming_scripts/oedulis/fastq/SRR26417092_2.fastq.gz
SRR26417093_1.fastq.gz	/maps/projects/mjolnir1/people/sjr729/tutorial/skimming_scripts/oedulis/fastq/SRR26417093_1.fastq.gz
SRR26417093_2.fastq.gz	/maps/projects/mjolnir1/people/sjr729/tutorial/skimming_scripts/oedulis/fastq/SRR26417093_2.fastq.gz
SRR26417094_1.fastq.gz	/maps/projects/mjolnir1/people/sjr729/tutorial/skimming_scripts/oedulis/fastq/SRR26417094_1.fastq.gz
SRR26417094_2.fastq.gz	/maps/projects/mjolnir1/people/sjr729/tutorial/skimming_scripts/oedulis/fastq/SRR26417094_2.fastq.gz
SRR26417095_1.fastq.gz	/maps/projects/mjolnir1/people/sjr729/tutorial/skimming_scripts/oedulis/fastq/SRR26417095_1.fastq.gz
SRR26417095_2.fastq.gz	/maps/projects/mjolnir1/people/sjr729/tutorial/skimming_scripts/oedulis/fastq/SRR26417095_2.fastq.gz
SRR26417096_1.fastq.gz	/maps/projects/mjolnir1/people/sjr729/tutorial/skimming_scripts/oedulis/fastq/SRR26417096_1.fastq.gz
SRR26417096_2.fastq.gz	/maps/projects/mjolnir1/people/sjr729/tutorial/skimming_scripts/oedulis/fastq/SRR26417096_2.fastq.gz
SRR26417097_1.fastq.gz	/maps/projects/mjolnir1/people/sjr729/tutorial/skimming_scripts/oedulis/fastq/SRR26417097_1.fastq.gz
SRR26417097_2.fastq.gz	/maps/projects/mjolnir1/people/sjr729/tutorial/skimming_scripts/oedulis/fastq/SRR26417097_2.fastq.gz
SRR26417098_1.fastq.gz	/maps/projects/mjolnir1/people/sjr729/tutorial/skimming_scripts/oedulis/fastq/SRR26417098_1.fastq.gz
SRR26417098_2.fastq.gz	/maps/projects/mjolnir1/people/sjr729/tutorial/skimming_scripts/oedulis/fastq/SRR26417098_2.fastq.gz
SRR26417100_1.fastq.gz	/maps/projects/mjolnir1/people/sjr729/tutorial/skimming_scripts/oedulis/fastq/SRR26417100_1.fastq.gz
SRR26417100_2.fastq.gz	/maps/projects/mjolnir1/people/sjr729/tutorial/skimming_scripts/oedulis/fastq/SRR26417100_2.fastq.gz
SRR26417101_1.fastq.gz	/maps/projects/mjolnir1/people/sjr729/tutorial/skimming_scripts/oedulis/fastq/SRR26417101_1.fastq.gz
SRR26417101_2.fastq.gz	/maps/projects/mjolnir1/people/sjr729/tutorial/skimming_scripts/oedulis/fastq/SRR26417101_2.fastq.gz
SRR26417102_1.fastq.gz	/maps/projects/mjolnir1/people/sjr729/tutorial/skimming_scripts/oedulis/fastq/SRR26417102_1.fastq.gz
SRR26417102_2.fastq.gz	/maps/projects/mjolnir1/people/sjr729/tutorial/skimming_scripts/oedulis/fastq/SRR26417102_2.fastq.gz
SRR26417103_1.fastq.gz	/maps/projects/mjolnir1/people/sjr729/tutorial/skimming_scripts/oedulis/fastq/SRR26417103_1.fastq.gz
SRR26417103_2.fastq.gz	/maps/projects/mjolnir1/people/sjr729/tutorial/skimming_scripts/oedulis/fastq/SRR26417103_2.fastq.gz
SRR26417104_1.fastq.gz	/maps/projects/mjolnir1/people/sjr729/tutorial/skimming_scripts/oedulis/fastq/SRR26417104_1.fastq.gz
SRR26417104_2.fastq.gz	/maps/projects/mjolnir1/people/sjr729/tutorial/skimming_scripts/oedulis/fastq/SRR26417104_2.fastq.gz
SRR26417136_1.fastq.gz	/maps/projects/mjolnir1/people/sjr729/tutorial/skimming_scripts/oedulis/fastq/SRR26417136_1.fastq.gz
SRR26417136_2.fastq.gz	/maps/projects/mjolnir1/people/sjr729/tutorial/skimming_scripts/oedulis/fastq/SRR26417136_2.fastq.gz
SRR26417137_1.fastq.gz	/maps/projects/mjolnir1/people/sjr729/tutorial/skimming_scripts/oedulis/fastq/SRR26417137_1.fastq.gz
SRR26417137_2.fastq.gz	/maps/projects/mjolnir1/people/sjr729/tutorial/skimming_scripts/oedulis/fastq/SRR26417137_2.fastq.gz
SRR26417139_1.fastq.gz	/maps/projects/mjolnir1/people/sjr729/tutorial/skimming_scripts/oedulis/fastq/SRR26417139_1.fastq.gz
SRR26417139_2.fastq.gz	/maps/projects/mjolnir1/people/sjr729/tutorial/skimming_scripts/oedulis/fastq/SRR26417139_2.fastq.gz
SRR26417140_1.fastq.gz	/maps/projects/mjolnir1/people/sjr729/tutorial/skimming_scripts/oedulis/fastq/SRR26417140_1.fastq.gz
SRR26417140_2.fastq.gz	/maps/projects/mjolnir1/people/sjr729/tutorial/skimming_scripts/oedulis/fastq/SRR26417140_2.fastq.gz
SRR26417141_1.fastq.gz	/maps/projects/mjolnir1/people/sjr729/tutorial/skimming_scripts/oedulis/fastq/SRR26417141_1.fastq.gz
SRR26417141_2.fastq.gz	/maps/projects/mjolnir1/people/sjr729/tutorial/skimming_scripts/oedulis/fastq/SRR26417141_2.fastq.gz
SRR26417142_1.fastq.gz	/maps/projects/mjolnir1/people/sjr729/tutorial/skimming_scripts/oedulis/fastq/SRR26417142_1.fastq.gz
SRR26417142_2.fastq.gz	/maps/projects/mjolnir1/people/sjr729/tutorial/skimming_scripts/oedulis/fastq/SRR26417142_2.fastq.gz
SRR26417143_1.fastq.gz	/maps/projects/mjolnir1/people/sjr729/tutorial/skimming_scripts/oedulis/fastq/SRR26417143_1.fastq.gz
SRR26417143_2.fastq.gz	/maps/projects/mjolnir1/people/sjr729/tutorial/skimming_scripts/oedulis/fastq/SRR26417143_2.fastq.gz
SRR26417144_1.fastq.gz	/maps/projects/mjolnir1/people/sjr729/tutorial/skimming_scripts/oedulis/fastq/SRR26417144_1.fastq.gz
SRR26417144_2.fastq.gz	/maps/projects/mjolnir1/people/sjr729/tutorial/skimming_scripts/oedulis/fastq/SRR26417144_2.fastq.gz
SRR26417146_1.fastq.gz	/maps/projects/mjolnir1/people/sjr729/tutorial/skimming_scripts/oedulis/fastq/SRR26417146_1.fastq.gz
SRR26417146_2.fastq.gz	/maps/projects/mjolnir1/people/sjr729/tutorial/skimming_scripts/oedulis/fastq/SRR26417146_2.fastq.gz
SRR26417147_1.fastq.gz	/maps/projects/mjolnir1/people/sjr729/tutorial/skimming_scripts/oedulis/fastq/SRR26417147_1.fastq.gz
SRR26417147_2.fastq.gz	/maps/projects/mjolnir1/people/sjr729/tutorial/skimming_scripts/oedulis/fastq/SRR26417147_2.fastq.gz
SRR26417148_1.fastq.gz	/maps/projects/mjolnir1/people/sjr729/tutorial/skimming_scripts/oedulis/fastq/SRR26417148_1.fastq.gz
SRR26417148_2.fastq.gz	/maps/projects/mjolnir1/people/sjr729/tutorial/skimming_scripts/oedulis/fastq/SRR26417148_2.fastq.gz
SRR26417149_1.fastq.gz	/maps/projects/mjolnir1/people/sjr729/tutorial/skimming_scripts/oedulis/fastq/SRR26417149_1.fastq.gz
SRR26417149_2.fastq.gz	/maps/projects/mjolnir1/people/sjr729/tutorial/skimming_scripts/oedulis/fastq/SRR26417149_2.fastq.gz
SRR26417150_1.fastq.gz	/maps/projects/mjolnir1/people/sjr729/tutorial/skimming_scripts/oedulis/fastq/SRR26417150_1.fastq.gz
SRR26417150_2.fastq.gz	/maps/projects/mjolnir1/people/sjr729/tutorial/skimming_scripts/oedulis/fastq/SRR26417150_2.fastq.gz
SRR26417151_1.fastq.gz	/maps/projects/mjolnir1/people/sjr729/tutorial/skimming_scripts/oedulis/fastq/SRR26417151_1.fastq.gz
SRR26417151_2.fastq.gz	/maps/projects/mjolnir1/people/sjr729/tutorial/skimming_scripts/oedulis/fastq/SRR26417151_2.fastq.gz
SRR26417173_1.fastq.gz	/maps/projects/mjolnir1/people/sjr729/tutorial/skimming_scripts/oedulis/fastq/SRR26417173_1.fastq.gz
SRR26417173_2.fastq.gz	/maps/projects/mjolnir1/people/sjr729/tutorial/skimming_scripts/oedulis/fastq/SRR26417173_2.fastq.gz
SRR26417184_1.fastq.gz	/maps/projects/mjolnir1/people/sjr729/tutorial/skimming_scripts/oedulis/fastq/SRR26417184_1.fastq.gz
SRR26417184_2.fastq.gz	/maps/projects/mjolnir1/people/sjr729/tutorial/skimming_scripts/oedulis/fastq/SRR26417184_2.fastq.gz
SRR26417185_1.fastq.gz	/maps/projects/mjolnir1/people/sjr729/tutorial/skimming_scripts/oedulis/fastq/SRR26417185_1.fastq.gz
SRR26417185_2.fastq.gz	/maps/projects/mjolnir1/people/sjr729/tutorial/skimming_scripts/oedulis/fastq/SRR26417185_2.fastq.gz
SRR26417186_1.fastq.gz	/maps/projects/mjolnir1/people/sjr729/tutorial/skimming_scripts/oedulis/fastq/SRR26417186_1.fastq.gz
SRR26417186_2.fastq.gz	/maps/projects/mjolnir1/people/sjr729/tutorial/skimming_scripts/oedulis/fastq/SRR26417186_2.fastq.gz
SRR26417218_1.fastq.gz	/maps/projects/mjolnir1/people/sjr729/tutorial/skimming_scripts/oedulis/fastq/SRR26417218_1.fastq.gz
SRR26417218_2.fastq.gz	/maps/projects/mjolnir1/people/sjr729/tutorial/skimming_scripts/oedulis/fastq/SRR26417218_2.fastq.gz
SRR26417241_1.fastq.gz	/maps/projects/mjolnir1/people/sjr729/tutorial/skimming_scripts/oedulis/fastq/SRR26417241_1.fastq.gz
SRR26417241_2.fastq.gz	/maps/projects/mjolnir1/people/sjr729/tutorial/skimming_scripts/oedulis/fastq/SRR26417241_2.fastq.gz
SRR26417242_1.fastq.gz	/maps/projects/mjolnir1/people/sjr729/tutorial/skimming_scripts/oedulis/fastq/SRR26417242_1.fastq.gz
SRR26417242_2.fastq.gz	/maps/projects/mjolnir1/people/sjr729/tutorial/skimming_scripts/oedulis/fastq/SRR26417242_2.fastq.gz
SRR26417243_1.fastq.gz	/maps/projects/mjolnir1/people/sjr729/tutorial/skimming_scripts/oedulis/fastq/SRR26417243_1.fastq.gz
SRR26417243_2.fastq.gz	/maps/projects/mjolnir1/people/sjr729/tutorial/skimming_scripts/oedulis/fastq/SRR26417243_2.fastq.gz
SRR26417244_1.fastq.gz	/maps/projects/mjolnir1/people/sjr729/tutorial/skimming_scripts/oedulis/fastq/SRR26417244_1.fastq.gz
SRR26417244_2.fastq.gz	/maps/projects/mjolnir1/people/sjr729/tutorial/skimming_scripts/oedulis/fastq/SRR26417244_2.fastq.gz
SRR26417246_1.fastq.gz	/maps/projects/mjolnir1/people/sjr729/tutorial/skimming_scripts/oedulis/fastq/SRR26417246_1.fastq.gz
SRR26417246_2.fastq.gz	/maps/projects/mjolnir1/people/sjr729/tutorial/skimming_scripts/oedulis/fastq/SRR26417246_2.fastq.gz
SRR26417247_1.fastq.gz	/maps/projects/mjolnir1/people/sjr729/tutorial/skimming_scripts/oedulis/fastq/SRR26417247_1.fastq.gz
SRR26417247_2.fastq.gz	/maps/projects/mjolnir1/people/sjr729/tutorial/skimming_scripts/oedulis/fastq/SRR26417247_2.fastq.gz
SRR26417248_1.fastq.gz	/maps/projects/mjolnir1/people/sjr729/tutorial/skimming_scripts/oedulis/fastq/SRR26417248_1.fastq.gz
SRR26417248_2.fastq.gz	/maps/projects/mjolnir1/people/sjr729/tutorial/skimming_scripts/oedulis/fastq/SRR26417248_2.fastq.gz
SRR26417249_1.fastq.gz	/maps/projects/mjolnir1/people/sjr729/tutorial/skimming_scripts/oedulis/fastq/SRR26417249_1.fastq.gz
SRR26417249_2.fastq.gz	/maps/projects/mjolnir1/people/sjr729/tutorial/skimming_scripts/oedulis/fastq/SRR26417249_2.fastq.gz
SRR26417250_1.fastq.gz	/maps/projects/mjolnir1/people/sjr729/tutorial/skimming_scripts/oedulis/fastq/SRR26417250_1.fastq.gz
SRR26417250_2.fastq.gz	/maps/projects/mjolnir1/people/sjr729/tutorial/skimming_scripts/oedulis/fastq/SRR26417250_2.fastq.gz
SRR26417251_1.fastq.gz	/maps/projects/mjolnir1/people/sjr729/tutorial/skimming_scripts/oedulis/fastq/SRR26417251_1.fastq.gz
SRR26417251_2.fastq.gz	/maps/projects/mjolnir1/people/sjr729/tutorial/skimming_scripts/oedulis/fastq/SRR26417251_2.fastq.gz
SRR26417252_1.fastq.gz	/maps/projects/mjolnir1/people/sjr729/tutorial/skimming_scripts/oedulis/fastq/SRR26417252_1.fastq.gz
SRR26417252_2.fastq.gz	/maps/projects/mjolnir1/people/sjr729/tutorial/skimming_scripts/oedulis/fastq/SRR26417252_2.fastq.gz
SRR26417253_1.fastq.gz	/maps/projects/mjolnir1/people/sjr729/tutorial/skimming_scripts/oedulis/fastq/SRR26417253_1.fastq.gz
SRR26417253_2.fastq.gz	/maps/projects/mjolnir1/people/sjr729/tutorial/skimming_scripts/oedulis/fastq/SRR26417253_2.fastq.gz
SRR26417254_1.fastq.gz	/maps/projects/mjolnir1/people/sjr729/tutorial/skimming_scripts/oedulis/fastq/SRR26417254_1.fastq.gz
SRR26417254_2.fastq.gz	/maps/projects/mjolnir1/people/sjr729/tutorial/skimming_scripts/oedulis/fastq/SRR26417254_2.fastq.gz
SRR26417255_1.fastq.gz	/maps/projects/mjolnir1/people/sjr729/tutorial/skimming_scripts/oedulis/fastq/SRR26417255_1.fastq.gz
SRR26417255_2.fastq.gz	/maps/projects/mjolnir1/people/sjr729/tutorial/skimming_scripts/oedulis/fastq/SRR26417255_2.fastq.gz
SRR26417257_1.fastq.gz	/maps/projects/mjolnir1/people/sjr729/tutorial/skimming_scripts/oedulis/fastq/SRR26417257_1.fastq.gz
SRR26417257_2.fastq.gz	/maps/projects/mjolnir1/people/sjr729/tutorial/skimming_scripts/oedulis/fastq/SRR26417257_2.fastq.gz
SRR26417258_1.fastq.gz	/maps/projects/mjolnir1/people/sjr729/tutorial/skimming_scripts/oedulis/fastq/SRR26417258_1.fastq.gz
SRR26417258_2.fastq.gz	/maps/projects/mjolnir1/people/sjr729/tutorial/skimming_scripts/oedulis/fastq/SRR26417258_2.fastq.gz
SRR26417259_1.fastq.gz	/maps/projects/mjolnir1/people/sjr729/tutorial/skimming_scripts/oedulis/fastq/SRR26417259_1.fastq.gz
SRR26417259_2.fastq.gz	/maps/projects/mjolnir1/people/sjr729/tutorial/skimming_scripts/oedulis/fastq/SRR26417259_2.fastq.gz
SRR26417260_1.fastq.gz	/maps/projects/mjolnir1/people/sjr729/tutorial/skimming_scripts/oedulis/fastq/SRR26417260_1.fastq.gz
SRR26417260_2.fastq.gz	/maps/projects/mjolnir1/people/sjr729/tutorial/skimming_scripts/oedulis/fastq/SRR26417260_2.fastq.gz
SRR26417261_1.fastq.gz	/maps/projects/mjolnir1/people/sjr729/tutorial/skimming_scripts/oedulis/fastq/SRR26417261_1.fastq.gz
SRR26417261_2.fastq.gz	/maps/projects/mjolnir1/people/sjr729/tutorial/skimming_scripts/oedulis/fastq/SRR26417261_2.fastq.gz
SRR26417262_1.fastq.gz	/maps/projects/mjolnir1/people/sjr729/tutorial/skimming_scripts/oedulis/fastq/SRR26417262_1.fastq.gz
SRR26417262_2.fastq.gz	/maps/projects/mjolnir1/people/sjr729/tutorial/skimming_scripts/oedulis/fastq/SRR26417262_2.fastq.gz
SRR26417263_1.fastq.gz	/maps/projects/mjolnir1/people/sjr729/tutorial/skimming_scripts/oedulis/fastq/SRR26417263_1.fastq.gz
SRR26417263_2.fastq.gz	/maps/projects/mjolnir1/people/sjr729/tutorial/skimming_scripts/oedulis/fastq/SRR26417263_2.fastq.gz
SRR26417264_1.fastq.gz	/maps/projects/mjolnir1/people/sjr729/tutorial/skimming_scripts/oedulis/fastq/SRR26417264_1.fastq.gz
SRR26417264_2.fastq.gz	/maps/projects/mjolnir1/people/sjr729/tutorial/skimming_scripts/oedulis/fastq/SRR26417264_2.fastq.gz
SRR26417265_1.fastq.gz	/maps/projects/mjolnir1/people/sjr729/tutorial/skimming_scripts/oedulis/fastq/SRR26417265_1.fastq.gz
SRR26417265_2.fastq.gz	/maps/projects/mjolnir1/people/sjr729/tutorial/skimming_scripts/oedulis/fastq/SRR26417265_2.fastq.gz
SRR26417266_1.fastq.gz	/maps/projects/mjolnir1/people/sjr729/tutorial/skimming_scripts/oedulis/fastq/SRR26417266_1.fastq.gz
SRR26417266_2.fastq.gz	/maps/projects/mjolnir1/people/sjr729/tutorial/skimming_scripts/oedulis/fastq/SRR26417266_2.fastq.gz
SRR26417267_1.fastq.gz	/maps/projects/mjolnir1/people/sjr729/tutorial/skimming_scripts/oedulis/fastq/SRR26417267_1.fastq.gz
SRR26417267_2.fastq.gz	/maps/projects/mjolnir1/people/sjr729/tutorial/skimming_scripts/oedulis/fastq/SRR26417267_2.fastq.gz
SRR26417268_1.fastq.gz	/maps/projects/mjolnir1/people/sjr729/tutorial/skimming_scripts/oedulis/fastq/SRR26417268_1.fastq.gz
SRR26417268_2.fastq.gz	/maps/projects/mjolnir1/people/sjr729/tutorial/skimming_scripts/oedulis/fastq/SRR26417268_2.fastq.gz
SRR26417269_1.fastq.gz	/maps/projects/mjolnir1/people/sjr729/tutorial/skimming_scripts/oedulis/fastq/SRR26417269_1.fastq.gz
SRR26417269_2.fastq.gz	/maps/projects/mjolnir1/people/sjr729/tutorial/skimming_scripts/oedulis/fastq/SRR26417269_2.fastq.gz
SRR26417270_1.fastq.gz	/maps/projects/mjolnir1/people/sjr729/tutorial/skimming_scripts/oedulis/fastq/SRR26417270_1.fastq.gz
SRR26417270_2.fastq.gz	/maps/projects/mjolnir1/people/sjr729/tutorial/skimming_scripts/oedulis/fastq/SRR26417270_2.fastq.gz
SRR26417271_1.fastq.gz	/maps/projects/mjolnir1/people/sjr729/tutorial/skimming_scripts/oedulis/fastq/SRR26417271_1.fastq.gz
SRR26417271_2.fastq.gz	/maps/projects/mjolnir1/people/sjr729/tutorial/skimming_scripts/oedulis/fastq/SRR26417271_2.fastq.gz
SRR26417272_1.fastq.gz	/maps/projects/mjolnir1/people/sjr729/tutorial/skimming_scripts/oedulis/fastq/SRR26417272_1.fastq.gz
SRR26417272_2.fastq.gz	/maps/projects/mjolnir1/people/sjr729/tutorial/skimming_scripts/oedulis/fastq/SRR26417272_2.fastq.gz
SRR26417273_1.fastq.gz	/maps/projects/mjolnir1/people/sjr729/tutorial/skimming_scripts/oedulis/fastq/SRR26417273_1.fastq.gz
SRR26417273_2.fastq.gz	/maps/projects/mjolnir1/people/sjr729/tutorial/skimming_scripts/oedulis/fastq/SRR26417273_2.fastq.gz
SRR26417274_1.fastq.gz	/maps/projects/mjolnir1/people/sjr729/tutorial/skimming_scripts/oedulis/fastq/SRR26417274_1.fastq.gz
SRR26417274_2.fastq.gz	/maps/projects/mjolnir1/people/sjr729/tutorial/skimming_scripts/oedulis/fastq/SRR26417274_2.fastq.gz
SRR26417276_1.fastq.gz	/maps/projects/mjolnir1/people/sjr729/tutorial/skimming_scripts/oedulis/fastq/SRR26417276_1.fastq.gz
SRR26417276_2.fastq.gz	/maps/projects/mjolnir1/people/sjr729/tutorial/skimming_scripts/oedulis/fastq/SRR26417276_2.fastq.gz
SRR26417277_1.fastq.gz	/maps/projects/mjolnir1/people/sjr729/tutorial/skimming_scripts/oedulis/fastq/SRR26417277_1.fastq.gz
SRR26417277_2.fastq.gz	/maps/projects/mjolnir1/people/sjr729/tutorial/skimming_scripts/oedulis/fastq/SRR26417277_2.fastq.gz
SRR26417278_1.fastq.gz	/maps/projects/mjolnir1/people/sjr729/tutorial/skimming_scripts/oedulis/fastq/SRR26417278_1.fastq.gz
SRR26417278_2.fastq.gz	/maps/projects/mjolnir1/people/sjr729/tutorial/skimming_scripts/oedulis/fastq/SRR26417278_2.fastq.gz
SRR26417279_1.fastq.gz	/maps/projects/mjolnir1/people/sjr729/tutorial/skimming_scripts/oedulis/fastq/SRR26417279_1.fastq.gz
SRR26417279_2.fastq.gz	/maps/projects/mjolnir1/people/sjr729/tutorial/skimming_scripts/oedulis/fastq/SRR26417279_2.fastq.gz
SRR26417280_1.fastq.gz	/maps/projects/mjolnir1/people/sjr729/tutorial/skimming_scripts/oedulis/fastq/SRR26417280_1.fastq.gz
SRR26417280_2.fastq.gz	/maps/projects/mjolnir1/people/sjr729/tutorial/skimming_scripts/oedulis/fastq/SRR26417280_2.fastq.gz
SRR26417281_1.fastq.gz	/maps/projects/mjolnir1/people/sjr729/tutorial/skimming_scripts/oedulis/fastq/SRR26417281_1.fastq.gz
SRR26417281_2.fastq.gz	/maps/projects/mjolnir1/people/sjr729/tutorial/skimming_scripts/oedulis/fastq/SRR26417281_2.fastq.gz
SRR26417282_1.fastq.gz	/maps/projects/mjolnir1/people/sjr729/tutorial/skimming_scripts/oedulis/fastq/SRR26417282_1.fastq.gz
SRR26417282_2.fastq.gz	/maps/projects/mjolnir1/people/sjr729/tutorial/skimming_scripts/oedulis/fastq/SRR26417282_2.fastq.gz
SRR26417283_1.fastq.gz	/maps/projects/mjolnir1/people/sjr729/tutorial/skimming_scripts/oedulis/fastq/SRR26417283_1.fastq.gz
SRR26417283_2.fastq.gz	/maps/projects/mjolnir1/people/sjr729/tutorial/skimming_scripts/oedulis/fastq/SRR26417283_2.fastq.gz
SRR26417284_1.fastq.gz	/maps/projects/mjolnir1/people/sjr729/tutorial/skimming_scripts/oedulis/fastq/SRR26417284_1.fastq.gz
SRR26417284_2.fastq.gz	/maps/projects/mjolnir1/people/sjr729/tutorial/skimming_scripts/oedulis/fastq/SRR26417284_2.fastq.gz
SRR26417285_1.fastq.gz	/maps/projects/mjolnir1/people/sjr729/tutorial/skimming_scripts/oedulis/fastq/SRR26417285_1.fastq.gz
SRR26417285_2.fastq.gz	/maps/projects/mjolnir1/people/sjr729/tutorial/skimming_scripts/oedulis/fastq/SRR26417285_2.fastq.gz
SRR26417292_1.fastq.gz	/maps/projects/mjolnir1/people/sjr729/tutorial/skimming_scripts/oedulis/fastq/SRR26417292_1.fastq.gz
SRR26417292_2.fastq.gz	/maps/projects/mjolnir1/people/sjr729/tutorial/skimming_scripts/oedulis/fastq/SRR26417292_2.fastq.gz
SRR26417303_1.fastq.gz	/maps/projects/mjolnir1/people/sjr729/tutorial/skimming_scripts/oedulis/fastq/SRR26417303_1.fastq.gz
SRR26417303_2.fastq.gz	/maps/projects/mjolnir1/people/sjr729/tutorial/skimming_scripts/oedulis/fastq/SRR26417303_2.fastq.gz
SRR26417370_1.fastq.gz	/maps/projects/mjolnir1/people/sjr729/tutorial/skimming_scripts/oedulis/fastq/SRR26417370_1.fastq.gz
SRR26417370_2.fastq.gz	/maps/projects/mjolnir1/people/sjr729/tutorial/skimming_scripts/oedulis/fastq/SRR26417370_2.fastq.gz
SRR26417371_1.fastq.gz	/maps/projects/mjolnir1/people/sjr729/tutorial/skimming_scripts/oedulis/fastq/SRR26417371_1.fastq.gz
SRR26417371_2.fastq.gz	/maps/projects/mjolnir1/people/sjr729/tutorial/skimming_scripts/oedulis/fastq/SRR26417371_2.fastq.gz
SRR26417373_1.fastq.gz	/maps/projects/mjolnir1/people/sjr729/tutorial/skimming_scripts/oedulis/fastq/SRR26417373_1.fastq.gz
SRR26417373_2.fastq.gz	/maps/projects/mjolnir1/people/sjr729/tutorial/skimming_scripts/oedulis/fastq/SRR26417373_2.fastq.gz
SRR26417374_1.fastq.gz	/maps/projects/mjolnir1/people/sjr729/tutorial/skimming_scripts/oedulis/fastq/SRR26417374_1.fastq.gz
SRR26417374_2.fastq.gz	/maps/projects/mjolnir1/people/sjr729/tutorial/skimming_scripts/oedulis/fastq/SRR26417374_2.fastq.gz
SRR26417375_1.fastq.gz	/maps/projects/mjolnir1/people/sjr729/tutorial/skimming_scripts/oedulis/fastq/SRR26417375_1.fastq.gz
SRR26417375_2.fastq.gz	/maps/projects/mjolnir1/people/sjr729/tutorial/skimming_scripts/oedulis/fastq/SRR26417375_2.fastq.gz
SRR26417376_1.fastq.gz	/maps/projects/mjolnir1/people/sjr729/tutorial/skimming_scripts/oedulis/fastq/SRR26417376_1.fastq.gz
SRR26417376_2.fastq.gz	/maps/projects/mjolnir1/people/sjr729/tutorial/skimming_scripts/oedulis/fastq/SRR26417376_2.fastq.gz
SRR26417377_1.fastq.gz	/maps/projects/mjolnir1/people/sjr729/tutorial/skimming_scripts/oedulis/fastq/SRR26417377_1.fastq.gz
SRR26417377_2.fastq.gz	/maps/projects/mjolnir1/people/sjr729/tutorial/skimming_scripts/oedulis/fastq/SRR26417377_2.fastq.gz
SRR26417378_1.fastq.gz	/maps/projects/mjolnir1/people/sjr729/tutorial/skimming_scripts/oedulis/fastq/SRR26417378_1.fastq.gz
SRR26417378_2.fastq.gz	/maps/projects/mjolnir1/people/sjr729/tutorial/skimming_scripts/oedulis/fastq/SRR26417378_2.fastq.gz
SRR26417379_1.fastq.gz	/maps/projects/mjolnir1/people/sjr729/tutorial/skimming_scripts/oedulis/fastq/SRR26417379_1.fastq.gz
SRR26417379_2.fastq.gz	/maps/projects/mjolnir1/people/sjr729/tutorial/skimming_scripts/oedulis/fastq/SRR26417379_2.fastq.gz
SRR26417380_1.fastq.gz	/maps/projects/mjolnir1/people/sjr729/tutorial/skimming_scripts/oedulis/fastq/SRR26417380_1.fastq.gz
SRR26417380_2.fastq.gz	/maps/projects/mjolnir1/people/sjr729/tutorial/skimming_scripts/oedulis/fastq/SRR26417380_2.fastq.gz
SRR26417381_1.fastq.gz	/maps/projects/mjolnir1/people/sjr729/tutorial/skimming_scripts/oedulis/fastq/SRR26417381_1.fastq.gz
SRR26417381_2.fastq.gz	/maps/projects/mjolnir1/people/sjr729/tutorial/skimming_scripts/oedulis/fastq/SRR26417381_2.fastq.gz
SRR26417382_1.fastq.gz	/maps/projects/mjolnir1/people/sjr729/tutorial/skimming_scripts/oedulis/fastq/SRR26417382_1.fastq.gz
SRR26417382_2.fastq.gz	/maps/projects/mjolnir1/people/sjr729/tutorial/skimming_scripts/oedulis/fastq/SRR26417382_2.fastq.gz
SRR26417384_1.fastq.gz	/maps/projects/mjolnir1/people/sjr729/tutorial/skimming_scripts/oedulis/fastq/SRR26417384_1.fastq.gz
SRR26417384_2.fastq.gz	/maps/projects/mjolnir1/people/sjr729/tutorial/skimming_scripts/oedulis/fastq/SRR26417384_2.fastq.gz
SRR26417401_1.fastq.gz	/maps/projects/mjolnir1/people/sjr729/tutorial/skimming_scripts/oedulis/fastq/SRR26417401_1.fastq.gz
SRR26417401_2.fastq.gz	/maps/projects/mjolnir1/people/sjr729/tutorial/skimming_scripts/oedulis/fastq/SRR26417401_2.fastq.gz
SRR26417402_1.fastq.gz	/maps/projects/mjolnir1/people/sjr729/tutorial/skimming_scripts/oedulis/fastq/SRR26417402_1.fastq.gz
SRR26417402_2.fastq.gz	/maps/projects/mjolnir1/people/sjr729/tutorial/skimming_scripts/oedulis/fastq/SRR26417402_2.fastq.gz
SRR26417403_1.fastq.gz	/maps/projects/mjolnir1/people/sjr729/tutorial/skimming_scripts/oedulis/fastq/SRR26417403_1.fastq.gz
SRR26417403_2.fastq.gz	/maps/projects/mjolnir1/people/sjr729/tutorial/skimming_scripts/oedulis/fastq/SRR26417403_2.fastq.gz
SRR26417404_1.fastq.gz	/maps/projects/mjolnir1/people/sjr729/tutorial/skimming_scripts/oedulis/fastq/SRR26417404_1.fastq.gz
SRR26417404_2.fastq.gz	/maps/projects/mjolnir1/people/sjr729/tutorial/skimming_scripts/oedulis/fastq/SRR26417404_2.fastq.gz
SRR26417405_1.fastq.gz	/maps/projects/mjolnir1/people/sjr729/tutorial/skimming_scripts/oedulis/fastq/SRR26417405_1.fastq.gz
SRR26417405_2.fastq.gz	/maps/projects/mjolnir1/people/sjr729/tutorial/skimming_scripts/oedulis/fastq/SRR26417405_2.fastq.gz
SRR26417407_1.fastq.gz	/maps/projects/mjolnir1/people/sjr729/tutorial/skimming_scripts/oedulis/fastq/SRR26417407_1.fastq.gz
SRR26417407_2.fastq.gz	/maps/projects/mjolnir1/people/sjr729/tutorial/skimming_scripts/oedulis/fastq/SRR26417407_2.fastq.gz
SRR26417408_1.fastq.gz	/maps/projects/mjolnir1/people/sjr729/tutorial/skimming_scripts/oedulis/fastq/SRR26417408_1.fastq.gz
SRR26417408_2.fastq.gz	/maps/projects/mjolnir1/people/sjr729/tutorial/skimming_scripts/oedulis/fastq/SRR26417408_2.fastq.gz
SRR26417445_1.fastq.gz	/maps/projects/mjolnir1/people/sjr729/tutorial/skimming_scripts/oedulis/fastq/SRR26417445_1.fastq.gz
SRR26417445_2.fastq.gz	/maps/projects/mjolnir1/people/sjr729/tutorial/skimming_scripts/oedulis/fastq/SRR26417445_2.fastq.gz
SRR26417446_1.fastq.gz	/maps/projects/mjolnir1/people/sjr729/tutorial/skimming_scripts/oedulis/fastq/SRR26417446_1.fastq.gz
SRR26417446_2.fastq.gz	/maps/projects/mjolnir1/people/sjr729/tutorial/skimming_scripts/oedulis/fastq/SRR26417446_2.fastq.gz
SRR26417447_1.fastq.gz	/maps/projects/mjolnir1/people/sjr729/tutorial/skimming_scripts/oedulis/fastq/SRR26417447_1.fastq.gz
SRR26417447_2.fastq.gz	/maps/projects/mjolnir1/people/sjr729/tutorial/skimming_scripts/oedulis/fastq/SRR26417447_2.fastq.gz
SRR26417448_1.fastq.gz	/maps/projects/mjolnir1/people/sjr729/tutorial/skimming_scripts/oedulis/fastq/SRR26417448_1.fastq.gz
SRR26417448_2.fastq.gz	/maps/projects/mjolnir1/people/sjr729/tutorial/skimming_scripts/oedulis/fastq/SRR26417448_2.fastq.gz
SRR26417449_1.fastq.gz	/maps/projects/mjolnir1/people/sjr729/tutorial/skimming_scripts/oedulis/fastq/SRR26417449_1.fastq.gz
SRR26417449_2.fastq.gz	/maps/projects/mjolnir1/people/sjr729/tutorial/skimming_scripts/oedulis/fastq/SRR26417449_2.fastq.gz
SRR26417450_1.fastq.gz	/maps/projects/mjolnir1/people/sjr729/tutorial/skimming_scripts/oedulis/fastq/SRR26417450_1.fastq.gz
SRR26417450_2.fastq.gz	/maps/projects/mjolnir1/people/sjr729/tutorial/skimming_scripts/oedulis/fastq/SRR26417450_2.fastq.gz
SRR26417451_1.fastq.gz	/maps/projects/mjolnir1/people/sjr729/tutorial/skimming_scripts/oedulis/fastq/SRR26417451_1.fastq.gz
SRR26417451_2.fastq.gz	/maps/projects/mjolnir1/people/sjr729/tutorial/skimming_scripts/oedulis/fastq/SRR26417451_2.fastq.gz
SRR26417452_1.fastq.gz	/maps/projects/mjolnir1/people/sjr729/tutorial/skimming_scripts/oedulis/fastq/SRR26417452_1.fastq.gz
SRR26417452_2.fastq.gz	/maps/projects/mjolnir1/people/sjr729/tutorial/skimming_scripts/oedulis/fastq/SRR26417452_2.fastq.gz
SRR26417453_1.fastq.gz	/maps/projects/mjolnir1/people/sjr729/tutorial/skimming_scripts/oedulis/fastq/SRR26417453_1.fastq.gz
SRR26417453_2.fastq.gz	/maps/projects/mjolnir1/people/sjr729/tutorial/skimming_scripts/oedulis/fastq/SRR26417453_2.fastq.gz
SRR26417454_1.fastq.gz	/maps/projects/mjolnir1/people/sjr729/tutorial/skimming_scripts/oedulis/fastq/SRR26417454_1.fastq.gz
SRR26417454_2.fastq.gz	/maps/projects/mjolnir1/people/sjr729/tutorial/skimming_scripts/oedulis/fastq/SRR26417454_2.fastq.gz
SRR26417456_1.fastq.gz	/maps/projects/mjolnir1/people/sjr729/tutorial/skimming_scripts/oedulis/fastq/SRR26417456_1.fastq.gz
SRR26417456_2.fastq.gz	/maps/projects/mjolnir1/people/sjr729/tutorial/skimming_scripts/oedulis/fastq/SRR26417456_2.fastq.gz
SRR26417457_1.fastq.gz	/maps/projects/mjolnir1/people/sjr729/tutorial/skimming_scripts/oedulis/fastq/SRR26417457_1.fastq.gz
SRR26417457_2.fastq.gz	/maps/projects/mjolnir1/people/sjr729/tutorial/skimming_scripts/oedulis/fastq/SRR26417457_2.fastq.gz
SRR26417458_1.fastq.gz	/maps/projects/mjolnir1/people/sjr729/tutorial/skimming_scripts/oedulis/fastq/SRR26417458_1.fastq.gz
SRR26417458_2.fastq.gz	/maps/projects/mjolnir1/people/sjr729/tutorial/skimming_scripts/oedulis/fastq/SRR26417458_2.fastq.gz
SRR26417459_1.fastq.gz	/maps/projects/mjolnir1/people/sjr729/tutorial/skimming_scripts/oedulis/fastq/SRR26417459_1.fastq.gz
SRR26417459_2.fastq.gz	/maps/projects/mjolnir1/people/sjr729/tutorial/skimming_scripts/oedulis/fastq/SRR26417459_2.fastq.gz
SRR26417460_1.fastq.gz	/maps/projects/mjolnir1/people/sjr729/tutorial/skimming_scripts/oedulis/fastq/SRR26417460_1.fastq.gz
SRR26417460_2.fastq.gz	/maps/projects/mjolnir1/people/sjr729/tutorial/skimming_scripts/oedulis/fastq/SRR26417460_2.fastq.gz
SRR26417461_1.fastq.gz	/maps/projects/mjolnir1/people/sjr729/tutorial/skimming_scripts/oedulis/fastq/SRR26417461_1.fastq.gz
SRR26417461_2.fastq.gz	/maps/projects/mjolnir1/people/sjr729/tutorial/skimming_scripts/oedulis/fastq/SRR26417461_2.fastq.gz
SRR26417462_1.fastq.gz	/maps/projects/mjolnir1/people/sjr729/tutorial/skimming_scripts/oedulis/fastq/SRR26417462_1.fastq.gz
SRR26417462_2.fastq.gz	/maps/projects/mjolnir1/people/sjr729/tutorial/skimming_scripts/oedulis/fastq/SRR26417462_2.fastq.gz
SRR26417526_1.fastq.gz	/maps/projects/mjolnir1/people/sjr729/tutorial/skimming_scripts/oedulis/fastq/SRR26417526_1.fastq.gz
SRR26417526_2.fastq.gz	/maps/projects/mjolnir1/people/sjr729/tutorial/skimming_scripts/oedulis/fastq/SRR26417526_2.fastq.gz
SRR26417588_1.fastq.gz	/maps/projects/mjolnir1/people/sjr729/tutorial/skimming_scripts/oedulis/fastq/SRR26417588_1.fastq.gz
SRR26417588_2.fastq.gz	/maps/projects/mjolnir1/people/sjr729/tutorial/skimming_scripts/oedulis/fastq/SRR26417588_2.fastq.gz
SRR26417599_1.fastq.gz	/maps/projects/mjolnir1/people/sjr729/tutorial/skimming_scripts/oedulis/fastq/SRR26417599_1.fastq.gz
SRR26417599_2.fastq.gz	/maps/projects/mjolnir1/people/sjr729/tutorial/skimming_scripts/oedulis/fastq/SRR26417599_2.fastq.gz
SRR26417608_1.fastq.gz	/maps/projects/mjolnir1/people/sjr729/tutorial/skimming_scripts/oedulis/fastq/SRR26417608_1.fastq.gz
SRR26417608_2.fastq.gz	/maps/projects/mjolnir1/people/sjr729/tutorial/skimming_scripts/oedulis/fastq/SRR26417608_2.fastq.gz
SRR26417619_1.fastq.gz	/maps/projects/mjolnir1/people/sjr729/tutorial/skimming_scripts/oedulis/fastq/SRR26417619_1.fastq.gz
SRR26417619_2.fastq.gz	/maps/projects/mjolnir1/people/sjr729/tutorial/skimming_scripts/oedulis/fastq/SRR26417619_2.fastq.gz
SRR26417631_1.fastq.gz	/maps/projects/mjolnir1/people/sjr729/tutorial/skimming_scripts/oedulis/fastq/SRR26417631_1.fastq.gz
SRR26417631_2.fastq.gz	/maps/projects/mjolnir1/people/sjr729/tutorial/skimming_scripts/oedulis/fastq/SRR26417631_2.fastq.gz
SRR26417632_1.fastq.gz	/maps/projects/mjolnir1/people/sjr729/tutorial/skimming_scripts/oedulis/fastq/SRR26417632_1.fastq.gz
SRR26417632_2.fastq.gz	/maps/projects/mjolnir1/people/sjr729/tutorial/skimming_scripts/oedulis/fastq/SRR26417632_2.fastq.gz
SRR26417633_1.fastq.gz	/maps/projects/mjolnir1/people/sjr729/tutorial/skimming_scripts/oedulis/fastq/SRR26417633_1.fastq.gz
SRR26417633_2.fastq.gz	/maps/projects/mjolnir1/people/sjr729/tutorial/skimming_scripts/oedulis/fastq/SRR26417633_2.fastq.gz
SRR26417635_1.fastq.gz	/maps/projects/mjolnir1/people/sjr729/tutorial/skimming_scripts/oedulis/fastq/SRR26417635_1.fastq.gz
SRR26417635_2.fastq.gz	/maps/projects/mjolnir1/people/sjr729/tutorial/skimming_scripts/oedulis/fastq/SRR26417635_2.fastq.gz
SRR26417636_1.fastq.gz	/maps/projects/mjolnir1/people/sjr729/tutorial/skimming_scripts/oedulis/fastq/SRR26417636_1.fastq.gz
SRR26417636_2.fastq.gz	/maps/projects/mjolnir1/people/sjr729/tutorial/skimming_scripts/oedulis/fastq/SRR26417636_2.fastq.gz
SRR26417674_1.fastq.gz	/maps/projects/mjolnir1/people/sjr729/tutorial/skimming_scripts/oedulis/fastq/SRR26417674_1.fastq.gz
SRR26417674_2.fastq.gz	/maps/projects/mjolnir1/people/sjr729/tutorial/skimming_scripts/oedulis/fastq/SRR26417674_2.fastq.gz
