/maps/projects/mjolnir1/people/sjr729/tutorial/skimming_scripts/oedulis/skmer/echarvel_Stein_fast-skims_results_12.07/bbmap_reads/SRR26416937.fastq	11086622	2.368020486343727	4681810
/maps/projects/mjolnir1/people/sjr729/tutorial/skimming_scripts/oedulis/skmer/echarvel_Stein_fast-skims_results_12.07/bbmap_reads/SRR26416938.fastq	8893498	2.172079771407013	4094462
/maps/projects/mjolnir1/people/sjr729/tutorial/skimming_scripts/oedulis/skmer/echarvel_Stein_fast-skims_results_12.07/bbmap_reads/SRR26416939.fastq	7776238	2.0094308868534037	3869871
/maps/projects/mjolnir1/people/sjr729/tutorial/skimming_scripts/oedulis/skmer/echarvel_Stein_fast-skims_results_12.07/bbmap_reads/SRR26416940.fastq	5787636	1.8857924726435358	3069074
/maps/projects/mjolnir1/people/sjr729/tutorial/skimming_scripts/oedulis/skmer/echarvel_Stein_fast-skims_results_12.07/bbmap_reads/SRR26416941.fastq	8687032	2.2055122969727394	3938782
/maps/projects/mjolnir1/people/sjr729/tutorial/skimming_scripts/oedulis/skmer/echarvel_Stein_fast-skims_results_12.07/bbmap_reads/SRR26416943.fastq	17632800	3.1380559118026916	5619020
/maps/projects/mjolnir1/people/sjr729/tutorial/skimming_scripts/oedulis/skmer/echarvel_Stein_fast-skims_results_12.07/bbmap_reads/SRR26416944.fastq	7986148	2.055650020452897	3884975
/maps/projects/mjolnir1/people/sjr729/tutorial/skimming_scripts/oedulis/skmer/echarvel_Stein_fast-skims_results_12.07/bbmap_reads/SRR26416945.fastq	6664984	1.8739536944424446	3556643
/maps/projects/mjolnir1/people/sjr729/tutorial/skimming_scripts/oedulis/skmer/echarvel_Stein_fast-skims_results_12.07/bbmap_reads/SRR26416946.fastq	10386704	2.469319826109726	4206302
/maps/projects/mjolnir1/people/sjr729/tutorial/skimming_scripts/oedulis/skmer/echarvel_Stein_fast-skims_results_12.07/bbmap_reads/SRR26416948.fastq	5444402	1.7543463439842075	3103379
/maps/projects/mjolnir1/people/sjr729/tutorial/skimming_scripts/oedulis/skmer/echarvel_Stein_fast-skims_results_12.07/bbmap_reads/SRR26416959.fastq	9470588	2.33407973862099	4057525
/maps/projects/mjolnir1/people/sjr729/tutorial/skimming_scripts/oedulis/skmer/echarvel_Stein_fast-skims_results_12.07/bbmap_reads/SRR26416970.fastq	8034346	2.084253932629235	3854783
/maps/projects/mjolnir1/people/sjr729/tutorial/skimming_scripts/oedulis/skmer/echarvel_Stein_fast-skims_results_12.07/bbmap_reads/SRR26417043.fastq	8516432	2.2989099148699323	3704552
/maps/projects/mjolnir1/people/sjr729/tutorial/skimming_scripts/oedulis/skmer/echarvel_Stein_fast-skims_results_12.07/bbmap_reads/SRR26417044.fastq	5685114	1.8074726871232898	3145339
/maps/projects/mjolnir1/people/sjr729/tutorial/skimming_scripts/oedulis/skmer/echarvel_Stein_fast-skims_results_12.07/bbmap_reads/SRR26417045.fastq	15345832	3.0385430197978356	5050392
/maps/projects/mjolnir1/people/sjr729/tutorial/skimming_scripts/oedulis/skmer/echarvel_Stein_fast-skims_results_12.07/bbmap_reads/SRR26417046.fastq	10475222	2.4212042457729828	4326451
/maps/projects/mjolnir1/people/sjr729/tutorial/skimming_scripts/oedulis/skmer/echarvel_Stein_fast-skims_results_12.07/bbmap_reads/SRR26417047.fastq	10188544	2.3703575879615943	4298315
/maps/projects/mjolnir1/people/sjr729/tutorial/skimming_scripts/oedulis/skmer/echarvel_Stein_fast-skims_results_12.07/bbmap_reads/SRR26417048.fastq	6011604	1.8562970453944934	3238492
/maps/projects/mjolnir1/people/sjr729/tutorial/skimming_scripts/oedulis/skmer/echarvel_Stein_fast-skims_results_12.07/bbmap_reads/SRR26417053.fastq	9574212	2.282663336184601	4194316
/maps/projects/mjolnir1/people/sjr729/tutorial/skimming_scripts/oedulis/skmer/echarvel_Stein_fast-skims_results_12.07/bbmap_reads/SRR26417091.fastq	7369458	2.0354805032717596	3620500
/maps/projects/mjolnir1/people/sjr729/tutorial/skimming_scripts/oedulis/skmer/echarvel_Stein_fast-skims_results_12.07/bbmap_reads/SRR26417092.fastq	10238862	2.3218571433754436	4409773
/maps/projects/mjolnir1/people/sjr729/tutorial/skimming_scripts/oedulis/skmer/echarvel_Stein_fast-skims_results_12.07/bbmap_reads/SRR26417093.fastq	16043770	2.9575350910736686	5424710
/maps/projects/mjolnir1/people/sjr729/tutorial/skimming_scripts/oedulis/skmer/echarvel_Stein_fast-skims_results_12.07/bbmap_reads/SRR26417094.fastq	7415842	1.9031367272359552	3896642
/maps/projects/mjolnir1/people/sjr729/tutorial/skimming_scripts/oedulis/skmer/echarvel_Stein_fast-skims_results_12.07/bbmap_reads/SRR26417095.fastq	7468336	1.9678204105472086	3795233
/maps/projects/mjolnir1/people/sjr729/tutorial/skimming_scripts/oedulis/skmer/echarvel_Stein_fast-skims_results_12.07/bbmap_reads/SRR26417096.fastq	8794598	2.2616363762346667	3888599
/maps/projects/mjolnir1/people/sjr729/tutorial/skimming_scripts/oedulis/skmer/echarvel_Stein_fast-skims_results_12.07/bbmap_reads/SRR26417097.fastq	7700802	2.0325090961913923	3788816
/maps/projects/mjolnir1/people/sjr729/tutorial/skimming_scripts/oedulis/skmer/echarvel_Stein_fast-skims_results_12.07/bbmap_reads/SRR26417098.fastq	9631042	2.277271634190853	4229202
/maps/projects/mjolnir1/people/sjr729/tutorial/skimming_scripts/oedulis/skmer/echarvel_Stein_fast-skims_results_12.07/bbmap_reads/SRR26417100.fastq	6189914	1.7618440717764183	3513315
/maps/projects/mjolnir1/people/sjr729/tutorial/skimming_scripts/oedulis/skmer/echarvel_Stein_fast-skims_results_12.07/bbmap_reads/SRR26417101.fastq	4996748	1.6505208509055154	3027376
/maps/projects/mjolnir1/people/sjr729/tutorial/skimming_scripts/oedulis/skmer/echarvel_Stein_fast-skims_results_12.07/bbmap_reads/SRR26417102.fastq	6190426	1.8199095483976653	3401502
/maps/projects/mjolnir1/people/sjr729/tutorial/skimming_scripts/oedulis/skmer/echarvel_Stein_fast-skims_results_12.07/bbmap_reads/SRR26417103.fastq	15999556	2.9547831537723637	5414799
/maps/projects/mjolnir1/people/sjr729/tutorial/skimming_scripts/oedulis/skmer/echarvel_Stein_fast-skims_results_12.07/bbmap_reads/SRR26417104.fastq	16426378	2.83098406327035	5802356
/maps/projects/mjolnir1/people/sjr729/tutorial/skimming_scripts/oedulis/skmer/echarvel_Stein_fast-skims_results_12.07/bbmap_reads/SRR26417136.fastq	10302008	2.3611034680013754	4363218
/maps/projects/mjolnir1/people/sjr729/tutorial/skimming_scripts/oedulis/skmer/echarvel_Stein_fast-skims_results_12.07/bbmap_reads/SRR26417137.fastq	6355968	1.9662985309356773	3232453
/maps/projects/mjolnir1/people/sjr729/tutorial/skimming_scripts/oedulis/skmer/echarvel_Stein_fast-skims_results_12.07/bbmap_reads/SRR26417139.fastq	7311776	1.9903850588066976	3673548
/maps/projects/mjolnir1/people/sjr729/tutorial/skimming_scripts/oedulis/skmer/echarvel_Stein_fast-skims_results_12.07/bbmap_reads/SRR26417140.fastq	9003748	2.2749692537513524	3957745
/maps/projects/mjolnir1/people/sjr729/tutorial/skimming_scripts/oedulis/skmer/echarvel_Stein_fast-skims_results_12.07/bbmap_reads/SRR26417141.fastq	12955748	2.6977039495034476	4802509
/maps/projects/mjolnir1/people/sjr729/tutorial/skimming_scripts/oedulis/skmer/echarvel_Stein_fast-skims_results_12.07/bbmap_reads/SRR26417142.fastq	8553322	2.2358381430262684	3825555
/maps/projects/mjolnir1/people/sjr729/tutorial/skimming_scripts/oedulis/skmer/echarvel_Stein_fast-skims_results_12.07/bbmap_reads/SRR26417143.fastq	6453080	1.831536238835456	3523315
/maps/projects/mjolnir1/people/sjr729/tutorial/skimming_scripts/oedulis/skmer/echarvel_Stein_fast-skims_results_12.07/bbmap_reads/SRR26417144.fastq	9424306	2.2417791649326415	4203940
/maps/projects/mjolnir1/people/sjr729/tutorial/skimming_scripts/oedulis/skmer/echarvel_Stein_fast-skims_results_12.07/bbmap_reads/SRR26417146.fastq	8883560	2.2815570038768436	3893639
/maps/projects/mjolnir1/people/sjr729/tutorial/skimming_scripts/oedulis/skmer/echarvel_Stein_fast-skims_results_12.07/bbmap_reads/SRR26417147.fastq	8487600	1.9899316143094834	4265272
/maps/projects/mjolnir1/people/sjr729/tutorial/skimming_scripts/oedulis/skmer/echarvel_Stein_fast-skims_results_12.07/bbmap_reads/SRR26417148.fastq	9470102	2.226562224282763	4253239
/maps/projects/mjolnir1/people/sjr729/tutorial/skimming_scripts/oedulis/skmer/echarvel_Stein_fast-skims_results_12.07/bbmap_reads/SRR26417149.fastq	11733622	2.535255703596775	4628181
/maps/projects/mjolnir1/people/sjr729/tutorial/skimming_scripts/oedulis/skmer/echarvel_Stein_fast-skims_results_12.07/bbmap_reads/SRR26417150.fastq	7077184	1.9075528925881768	3710085
/maps/projects/mjolnir1/people/sjr729/tutorial/skimming_scripts/oedulis/skmer/echarvel_Stein_fast-skims_results_12.07/bbmap_reads/SRR26417151.fastq	7102304	1.8614931572182924	3815380
/maps/projects/mjolnir1/people/sjr729/tutorial/skimming_scripts/oedulis/skmer/echarvel_Stein_fast-skims_results_12.07/bbmap_reads/SRR26417173.fastq	7039972	2.02778388544088	3471757
/maps/projects/mjolnir1/people/sjr729/tutorial/skimming_scripts/oedulis/skmer/echarvel_Stein_fast-skims_results_12.07/bbmap_reads/SRR26417184.fastq	20714146	3.509002956666057	5903143
/maps/projects/mjolnir1/people/sjr729/tutorial/skimming_scripts/oedulis/skmer/echarvel_Stein_fast-skims_results_12.07/bbmap_reads/SRR26417185.fastq	7901992	1.9931862238958509	3964503
/maps/projects/mjolnir1/people/sjr729/tutorial/skimming_scripts/oedulis/skmer/echarvel_Stein_fast-skims_results_12.07/bbmap_reads/SRR26417186.fastq	8674574	2.148626722832166	4037264
/maps/projects/mjolnir1/people/sjr729/tutorial/skimming_scripts/oedulis/skmer/echarvel_Stein_fast-skims_results_12.07/bbmap_reads/SRR26417218.fastq	11487196	2.6498345676862542	4335062
/maps/projects/mjolnir1/people/sjr729/tutorial/skimming_scripts/oedulis/skmer/echarvel_Stein_fast-skims_results_12.07/bbmap_reads/SRR26417241.fastq	2218838	1.0	2218838
/maps/projects/mjolnir1/people/sjr729/tutorial/skimming_scripts/oedulis/skmer/echarvel_Stein_fast-skims_results_12.07/bbmap_reads/SRR26417242.fastq	10109920	2.3814922072333347	4245204
/maps/projects/mjolnir1/people/sjr729/tutorial/skimming_scripts/oedulis/skmer/echarvel_Stein_fast-skims_results_12.07/bbmap_reads/SRR26417243.fastq	11110370	2.5257954924532697	4398761
/maps/projects/mjolnir1/people/sjr729/tutorial/skimming_scripts/oedulis/skmer/echarvel_Stein_fast-skims_results_12.07/bbmap_reads/SRR26417244.fastq	6413310	1.9016896922170785	3372427
/maps/projects/mjolnir1/people/sjr729/tutorial/skimming_scripts/oedulis/skmer/echarvel_Stein_fast-skims_results_12.07/bbmap_reads/SRR26417246.fastq	13148030	2.6316440768886973	4996128
/maps/projects/mjolnir1/people/sjr729/tutorial/skimming_scripts/oedulis/skmer/echarvel_Stein_fast-skims_results_12.07/bbmap_reads/SRR26417247.fastq	8083602	2.1511976462760836	3757722
/maps/projects/mjolnir1/people/sjr729/tutorial/skimming_scripts/oedulis/skmer/echarvel_Stein_fast-skims_results_12.07/bbmap_reads/SRR26417248.fastq	9617038	2.392396081366477	4019835
/maps/projects/mjolnir1/people/sjr729/tutorial/skimming_scripts/oedulis/skmer/echarvel_Stein_fast-skims_results_12.07/bbmap_reads/SRR26417249.fastq	5171580	1.5711846536284202	3291516
/maps/projects/mjolnir1/people/sjr729/tutorial/skimming_scripts/oedulis/skmer/echarvel_Stein_fast-skims_results_12.07/bbmap_reads/SRR26417250.fastq	9156352	2.2665529755336475	4039770
/maps/projects/mjolnir1/people/sjr729/tutorial/skimming_scripts/oedulis/skmer/echarvel_Stein_fast-skims_results_12.07/bbmap_reads/SRR26417251.fastq	5108744	1.5761861808539184	3241206
/maps/projects/mjolnir1/people/sjr729/tutorial/skimming_scripts/oedulis/skmer/echarvel_Stein_fast-skims_results_12.07/bbmap_reads/SRR26417252.fastq	8065848	2.0989357635872596	3842827
/maps/projects/mjolnir1/people/sjr729/tutorial/skimming_scripts/oedulis/skmer/echarvel_Stein_fast-skims_results_12.07/bbmap_reads/SRR26417253.fastq	8018118	2.1539897162242143	3722450
/maps/projects/mjolnir1/people/sjr729/tutorial/skimming_scripts/oedulis/skmer/echarvel_Stein_fast-skims_results_12.07/bbmap_reads/SRR26417254.fastq	9562598	2.137869474945734	4472957
/maps/projects/mjolnir1/people/sjr729/tutorial/skimming_scripts/oedulis/skmer/echarvel_Stein_fast-skims_results_12.07/bbmap_reads/SRR26417255.fastq	8919170	2.1578127548583166	4133431
/maps/projects/mjolnir1/people/sjr729/tutorial/skimming_scripts/oedulis/skmer/echarvel_Stein_fast-skims_results_12.07/bbmap_reads/SRR26417257.fastq	7770288	2.1728219465020913	3576127
/maps/projects/mjolnir1/people/sjr729/tutorial/skimming_scripts/oedulis/skmer/echarvel_Stein_fast-skims_results_12.07/bbmap_reads/SRR26417258.fastq	14939254	2.686542764194355	5560773
/maps/projects/mjolnir1/people/sjr729/tutorial/skimming_scripts/oedulis/skmer/echarvel_Stein_fast-skims_results_12.07/bbmap_reads/SRR26417259.fastq	14034478	2.836861911771938	4947184
/maps/projects/mjolnir1/people/sjr729/tutorial/skimming_scripts/oedulis/skmer/echarvel_Stein_fast-skims_results_12.07/bbmap_reads/SRR26417260.fastq	12906430	2.487700959518888	5188095
/maps/projects/mjolnir1/people/sjr729/tutorial/skimming_scripts/oedulis/skmer/echarvel_Stein_fast-skims_results_12.07/bbmap_reads/SRR26417261.fastq	8013254	2.0569337805268426	3895728
/maps/projects/mjolnir1/people/sjr729/tutorial/skimming_scripts/oedulis/skmer/echarvel_Stein_fast-skims_results_12.07/bbmap_reads/SRR26417262.fastq	11081218	2.519914117136743	4397459
/maps/projects/mjolnir1/people/sjr729/tutorial/skimming_scripts/oedulis/skmer/echarvel_Stein_fast-skims_results_12.07/bbmap_reads/SRR26417263.fastq	10500048	2.5401410138501457	4133648
/maps/projects/mjolnir1/people/sjr729/tutorial/skimming_scripts/oedulis/skmer/echarvel_Stein_fast-skims_results_12.07/bbmap_reads/SRR26417264.fastq	9571658	2.292662082129124	4174910
/maps/projects/mjolnir1/people/sjr729/tutorial/skimming_scripts/oedulis/skmer/echarvel_Stein_fast-skims_results_12.07/bbmap_reads/SRR26417265.fastq	8699678	2.072696246571471	4197276
/maps/projects/mjolnir1/people/sjr729/tutorial/skimming_scripts/oedulis/skmer/echarvel_Stein_fast-skims_results_12.07/bbmap_reads/SRR26417266.fastq	2604000	1.1166998040413154	2331871
/maps/projects/mjolnir1/people/sjr729/tutorial/skimming_scripts/oedulis/skmer/echarvel_Stein_fast-skims_results_12.07/bbmap_reads/SRR26417267.fastq	8872638	2.1332564545546955	4159199
/maps/projects/mjolnir1/people/sjr729/tutorial/skimming_scripts/oedulis/skmer/echarvel_Stein_fast-skims_results_12.07/bbmap_reads/SRR26417268.fastq	6230640	1.8539621950412817	3360716
/maps/projects/mjolnir1/people/sjr729/tutorial/skimming_scripts/oedulis/skmer/echarvel_Stein_fast-skims_results_12.07/bbmap_reads/SRR26417269.fastq	7261812	1.9983040860926278	3633987
/maps/projects/mjolnir1/people/sjr729/tutorial/skimming_scripts/oedulis/skmer/echarvel_Stein_fast-skims_results_12.07/bbmap_reads/SRR26417270.fastq	7226068	1.9940586661725788	3623799
/maps/projects/mjolnir1/people/sjr729/tutorial/skimming_scripts/oedulis/skmer/echarvel_Stein_fast-skims_results_12.07/bbmap_reads/SRR26417271.fastq	9720202	2.1402626822286446	4541593
/maps/projects/mjolnir1/people/sjr729/tutorial/skimming_scripts/oedulis/skmer/echarvel_Stein_fast-skims_results_12.07/bbmap_reads/SRR26417272.fastq	12377868	2.4876941796727703	4975639
/maps/projects/mjolnir1/people/sjr729/tutorial/skimming_scripts/oedulis/skmer/echarvel_Stein_fast-skims_results_12.07/bbmap_reads/SRR26417273.fastq	10697880	2.395294860456075	4466206
/maps/projects/mjolnir1/people/sjr729/tutorial/skimming_scripts/oedulis/skmer/echarvel_Stein_fast-skims_results_12.07/bbmap_reads/SRR26417274.fastq	7239910	1.9658576684029236	3682825
/maps/projects/mjolnir1/people/sjr729/tutorial/skimming_scripts/oedulis/skmer/echarvel_Stein_fast-skims_results_12.07/bbmap_reads/SRR26417276.fastq	8245122	2.1359967087495275	3860082
/maps/projects/mjolnir1/people/sjr729/tutorial/skimming_scripts/oedulis/skmer/echarvel_Stein_fast-skims_results_12.07/bbmap_reads/SRR26417277.fastq	10528748	2.403577512697833	4380449
/maps/projects/mjolnir1/people/sjr729/tutorial/skimming_scripts/oedulis/skmer/echarvel_Stein_fast-skims_results_12.07/bbmap_reads/SRR26417278.fastq	7414216	1.883244652154945	3936937
/maps/projects/mjolnir1/people/sjr729/tutorial/skimming_scripts/oedulis/skmer/echarvel_Stein_fast-skims_results_12.07/bbmap_reads/SRR26417279.fastq	8513930	2.127362747133603	4002105
/maps/projects/mjolnir1/people/sjr729/tutorial/skimming_scripts/oedulis/skmer/echarvel_Stein_fast-skims_results_12.07/bbmap_reads/SRR26417280.fastq	8808570	2.1910095363655286	4020325
/maps/projects/mjolnir1/people/sjr729/tutorial/skimming_scripts/oedulis/skmer/echarvel_Stein_fast-skims_results_12.07/bbmap_reads/SRR26417281.fastq	6559326	1.953749423917846	3357302
/maps/projects/mjolnir1/people/sjr729/tutorial/skimming_scripts/oedulis/skmer/echarvel_Stein_fast-skims_results_12.07/bbmap_reads/SRR26417282.fastq	10823174	2.4401299037249125	4435491
/maps/projects/mjolnir1/people/sjr729/tutorial/skimming_scripts/oedulis/skmer/echarvel_Stein_fast-skims_results_12.07/bbmap_reads/SRR26417283.fastq	9059194	2.2760035315883234	3980308
/maps/projects/mjolnir1/people/sjr729/tutorial/skimming_scripts/oedulis/skmer/echarvel_Stein_fast-skims_results_12.07/bbmap_reads/SRR26417284.fastq	15223160	2.7901571648909935	5456022
/maps/projects/mjolnir1/people/sjr729/tutorial/skimming_scripts/oedulis/skmer/echarvel_Stein_fast-skims_results_12.07/bbmap_reads/SRR26417285.fastq	9081412	2.1820764592860526	4161821
/maps/projects/mjolnir1/people/sjr729/tutorial/skimming_scripts/oedulis/skmer/echarvel_Stein_fast-skims_results_12.07/bbmap_reads/SRR26417292.fastq	10418796	2.3592734734815273	4416104
/maps/projects/mjolnir1/people/sjr729/tutorial/skimming_scripts/oedulis/skmer/echarvel_Stein_fast-skims_results_12.07/bbmap_reads/SRR26417303.fastq	12732198	2.6757577273788127	4758352
/maps/projects/mjolnir1/people/sjr729/tutorial/skimming_scripts/oedulis/skmer/echarvel_Stein_fast-skims_results_12.07/bbmap_reads/SRR26417370.fastq	10938832	2.4924887925521406	4388719
/maps/projects/mjolnir1/people/sjr729/tutorial/skimming_scripts/oedulis/skmer/echarvel_Stein_fast-skims_results_12.07/bbmap_reads/SRR26417371.fastq	10879572	2.4643823120148722	4414726
/maps/projects/mjolnir1/people/sjr729/tutorial/skimming_scripts/oedulis/skmer/echarvel_Stein_fast-skims_results_12.07/bbmap_reads/SRR26417373.fastq	11784472	2.5835164139475557	4561408
/maps/projects/mjolnir1/people/sjr729/tutorial/skimming_scripts/oedulis/skmer/echarvel_Stein_fast-skims_results_12.07/bbmap_reads/SRR26417374.fastq	8350802	2.0537651501255154	4066094
/maps/projects/mjolnir1/people/sjr729/tutorial/skimming_scripts/oedulis/skmer/echarvel_Stein_fast-skims_results_12.07/bbmap_reads/SRR26417375.fastq	8840578	2.4363109823236426	3628674
/maps/projects/mjolnir1/people/sjr729/tutorial/skimming_scripts/oedulis/skmer/echarvel_Stein_fast-skims_results_12.07/bbmap_reads/SRR26417376.fastq	13044884	2.7538861741729446	4736900
/maps/projects/mjolnir1/people/sjr729/tutorial/skimming_scripts/oedulis/skmer/echarvel_Stein_fast-skims_results_12.07/bbmap_reads/SRR26417377.fastq	9994802	2.4177282037294257	4133964
/maps/projects/mjolnir1/people/sjr729/tutorial/skimming_scripts/oedulis/skmer/echarvel_Stein_fast-skims_results_12.07/bbmap_reads/SRR26417378.fastq	8100550	2.193134243505841	3693595
/maps/projects/mjolnir1/people/sjr729/tutorial/skimming_scripts/oedulis/skmer/echarvel_Stein_fast-skims_results_12.07/bbmap_reads/SRR26417379.fastq	8004590	2.1703613037442318	3688137
/maps/projects/mjolnir1/people/sjr729/tutorial/skimming_scripts/oedulis/skmer/echarvel_Stein_fast-skims_results_12.07/bbmap_reads/SRR26417380.fastq	6935518	1.935624656371299	3583090
/maps/projects/mjolnir1/people/sjr729/tutorial/skimming_scripts/oedulis/skmer/echarvel_Stein_fast-skims_results_12.07/bbmap_reads/SRR26417381.fastq	9211278	2.3256740255675883	3960692
/maps/projects/mjolnir1/people/sjr729/tutorial/skimming_scripts/oedulis/skmer/echarvel_Stein_fast-skims_results_12.07/bbmap_reads/SRR26417382.fastq	12425824	2.7135216922608256	4579224
/maps/projects/mjolnir1/people/sjr729/tutorial/skimming_scripts/oedulis/skmer/echarvel_Stein_fast-skims_results_12.07/bbmap_reads/SRR26417384.fastq	10870716	2.4361856362894008	4462187
/maps/projects/mjolnir1/people/sjr729/tutorial/skimming_scripts/oedulis/skmer/echarvel_Stein_fast-skims_results_12.07/bbmap_reads/SRR26417401.fastq	7550210	1.9836419813755053	3806236
/maps/projects/mjolnir1/people/sjr729/tutorial/skimming_scripts/oedulis/skmer/echarvel_Stein_fast-skims_results_12.07/bbmap_reads/SRR26417402.fastq	14377748	2.710483946990726	5304495
/maps/projects/mjolnir1/people/sjr729/tutorial/skimming_scripts/oedulis/skmer/echarvel_Stein_fast-skims_results_12.07/bbmap_reads/SRR26417403.fastq	8542234	2.0499909621606207	4166962
/maps/projects/mjolnir1/people/sjr729/tutorial/skimming_scripts/oedulis/skmer/echarvel_Stein_fast-skims_results_12.07/bbmap_reads/SRR26417404.fastq	9630800	2.2329945724285327	4312953
/maps/projects/mjolnir1/people/sjr729/tutorial/skimming_scripts/oedulis/skmer/echarvel_Stein_fast-skims_results_12.07/bbmap_reads/SRR26417405.fastq	6713908	1.9854608417700055	3381536
/maps/projects/mjolnir1/people/sjr729/tutorial/skimming_scripts/oedulis/skmer/echarvel_Stein_fast-skims_results_12.07/bbmap_reads/SRR26417407.fastq	8915688	2.1468541614948355	4152908
/maps/projects/mjolnir1/people/sjr729/tutorial/skimming_scripts/oedulis/skmer/echarvel_Stein_fast-skims_results_12.07/bbmap_reads/SRR26417408.fastq	11770492	2.5610739220524086	4595920
/maps/projects/mjolnir1/people/sjr729/tutorial/skimming_scripts/oedulis/skmer/echarvel_Stein_fast-skims_results_12.07/bbmap_reads/SRR26417445.fastq	5183434	1.7198251709474786	3013931
/maps/projects/mjolnir1/people/sjr729/tutorial/skimming_scripts/oedulis/skmer/echarvel_Stein_fast-skims_results_12.07/bbmap_reads/SRR26417446.fastq	6194922	1.9514654286173039	3174497
/maps/projects/mjolnir1/people/sjr729/tutorial/skimming_scripts/oedulis/skmer/echarvel_Stein_fast-skims_results_12.07/bbmap_reads/SRR26417447.fastq	8196430	2.1381847215124	3833359
/maps/projects/mjolnir1/people/sjr729/tutorial/skimming_scripts/oedulis/skmer/echarvel_Stein_fast-skims_results_12.07/bbmap_reads/SRR26417448.fastq	8735350	2.152628480866764	4057992
/maps/projects/mjolnir1/people/sjr729/tutorial/skimming_scripts/oedulis/skmer/echarvel_Stein_fast-skims_results_12.07/bbmap_reads/SRR26417449.fastq	6767342	1.890355131935744	3579932
/maps/projects/mjolnir1/people/sjr729/tutorial/skimming_scripts/oedulis/skmer/echarvel_Stein_fast-skims_results_12.07/bbmap_reads/SRR26417450.fastq	10488846	2.35804459366252	4448112
/maps/projects/mjolnir1/people/sjr729/tutorial/skimming_scripts/oedulis/skmer/echarvel_Stein_fast-skims_results_12.07/bbmap_reads/SRR26417451.fastq	7985006	1.9962994161782386	3999904
/maps/projects/mjolnir1/people/sjr729/tutorial/skimming_scripts/oedulis/skmer/echarvel_Stein_fast-skims_results_12.07/bbmap_reads/SRR26417452.fastq	23008602	3.61501390551554	6364734
/maps/projects/mjolnir1/people/sjr729/tutorial/skimming_scripts/oedulis/skmer/echarvel_Stein_fast-skims_results_12.07/bbmap_reads/SRR26417453.fastq	4608494	1.4793152001764198	3115289
/maps/projects/mjolnir1/people/sjr729/tutorial/skimming_scripts/oedulis/skmer/echarvel_Stein_fast-skims_results_12.07/bbmap_reads/SRR26417454.fastq	14187966	2.8333746510190085	5007444
/maps/projects/mjolnir1/people/sjr729/tutorial/skimming_scripts/oedulis/skmer/echarvel_Stein_fast-skims_results_12.07/bbmap_reads/SRR26417456.fastq	10608912	2.4001902301508053	4420030
/maps/projects/mjolnir1/people/sjr729/tutorial/skimming_scripts/oedulis/skmer/echarvel_Stein_fast-skims_results_12.07/bbmap_reads/SRR26417457.fastq	11200036	2.553712212043778	4385786
/maps/projects/mjolnir1/people/sjr729/tutorial/skimming_scripts/oedulis/skmer/echarvel_Stein_fast-skims_results_12.07/bbmap_reads/SRR26417458.fastq	8000492	1.9921448199125207	4016019
/maps/projects/mjolnir1/people/sjr729/tutorial/skimming_scripts/oedulis/skmer/echarvel_Stein_fast-skims_results_12.07/bbmap_reads/SRR26417459.fastq	10140138	2.4219976856735754	4186684
/maps/projects/mjolnir1/people/sjr729/tutorial/skimming_scripts/oedulis/skmer/echarvel_Stein_fast-skims_results_12.07/bbmap_reads/SRR26417460.fastq	11022046	2.4448991910005007	4508180
/maps/projects/mjolnir1/people/sjr729/tutorial/skimming_scripts/oedulis/skmer/echarvel_Stein_fast-skims_results_12.07/bbmap_reads/SRR26417461.fastq	14467334	2.942845374013722	4916104
/maps/projects/mjolnir1/people/sjr729/tutorial/skimming_scripts/oedulis/skmer/echarvel_Stein_fast-skims_results_12.07/bbmap_reads/SRR26417462.fastq	9229640	2.2505381696281446	4101081
/maps/projects/mjolnir1/people/sjr729/tutorial/skimming_scripts/oedulis/skmer/echarvel_Stein_fast-skims_results_12.07/bbmap_reads/SRR26417526.fastq	12430070	2.4472074293978854	5079287
/maps/projects/mjolnir1/people/sjr729/tutorial/skimming_scripts/oedulis/skmer/echarvel_Stein_fast-skims_results_12.07/bbmap_reads/SRR26417588.fastq	6873462	1.9229445829578502	3574446
/maps/projects/mjolnir1/people/sjr729/tutorial/skimming_scripts/oedulis/skmer/echarvel_Stein_fast-skims_results_12.07/bbmap_reads/SRR26417599.fastq	6135762	1.8359878064968427	3341940
/maps/projects/mjolnir1/people/sjr729/tutorial/skimming_scripts/oedulis/skmer/echarvel_Stein_fast-skims_results_12.07/bbmap_reads/SRR26417608.fastq	12311104	2.673594328634876	4604702
/maps/projects/mjolnir1/people/sjr729/tutorial/skimming_scripts/oedulis/skmer/echarvel_Stein_fast-skims_results_12.07/bbmap_reads/SRR26417619.fastq	13956046	2.6489377209342	5268544
/maps/projects/mjolnir1/people/sjr729/tutorial/skimming_scripts/oedulis/skmer/echarvel_Stein_fast-skims_results_12.07/bbmap_reads/SRR26417631.fastq	9319274	2.196461164702745	4242859
/maps/projects/mjolnir1/people/sjr729/tutorial/skimming_scripts/oedulis/skmer/echarvel_Stein_fast-skims_results_12.07/bbmap_reads/SRR26417632.fastq	7194898	1.9352937381703081	3717729
/maps/projects/mjolnir1/people/sjr729/tutorial/skimming_scripts/oedulis/skmer/echarvel_Stein_fast-skims_results_12.07/bbmap_reads/SRR26417633.fastq	11095898	2.4522847833274732	4524718
/maps/projects/mjolnir1/people/sjr729/tutorial/skimming_scripts/oedulis/skmer/echarvel_Stein_fast-skims_results_12.07/bbmap_reads/SRR26417635.fastq	14443804	2.7859478816017904	5184521
/maps/projects/mjolnir1/people/sjr729/tutorial/skimming_scripts/oedulis/skmer/echarvel_Stein_fast-skims_results_12.07/bbmap_reads/SRR26417636.fastq	13522600	2.711185993542925	4987706
/maps/projects/mjolnir1/people/sjr729/tutorial/skimming_scripts/oedulis/skmer/echarvel_Stein_fast-skims_results_12.07/bbmap_reads/SRR26417674.fastq	12151884	2.5521202624897943	4761486
