SRR26416948_1.fastq.gz	/maps/projects/mjolnir1/people/sjr729/tutorial/skimming_scripts/oedulis/fastq/oedulis_RawFastq_14.08.24/SRR26416948_1.fastq.gz
SRR26416948_2.fastq.gz	/maps/projects/mjolnir1/people/sjr729/tutorial/skimming_scripts/oedulis/fastq/oedulis_RawFastq_14.08.24/SRR26416948_2.fastq.gz
SRR26416959_1.fastq.gz	/maps/projects/mjolnir1/people/sjr729/tutorial/skimming_scripts/oedulis/fastq/oedulis_RawFastq_14.08.24/SRR26416959_1.fastq.gz
SRR26416959_2.fastq.gz	/maps/projects/mjolnir1/people/sjr729/tutorial/skimming_scripts/oedulis/fastq/oedulis_RawFastq_14.08.24/SRR26416959_2.fastq.gz
SRR26416970_1.fastq.gz	/maps/projects/mjolnir1/people/sjr729/tutorial/skimming_scripts/oedulis/fastq/oedulis_RawFastq_14.08.24/SRR26416970_1.fastq.gz
SRR26416970_2.fastq.gz	/maps/projects/mjolnir1/people/sjr729/tutorial/skimming_scripts/oedulis/fastq/oedulis_RawFastq_14.08.24/SRR26416970_2.fastq.gz
SRR26416995_1.fastq.gz	/maps/projects/mjolnir1/people/sjr729/tutorial/skimming_scripts/oedulis/fastq/oedulis_RawFastq_14.08.24/SRR26416995_1.fastq.gz
SRR26416995_2.fastq.gz	/maps/projects/mjolnir1/people/sjr729/tutorial/skimming_scripts/oedulis/fastq/oedulis_RawFastq_14.08.24/SRR26416995_2.fastq.gz
SRR26416996_1.fastq.gz	/maps/projects/mjolnir1/people/sjr729/tutorial/skimming_scripts/oedulis/fastq/oedulis_RawFastq_14.08.24/SRR26416996_1.fastq.gz
SRR26416996_2.fastq.gz	/maps/projects/mjolnir1/people/sjr729/tutorial/skimming_scripts/oedulis/fastq/oedulis_RawFastq_14.08.24/SRR26416996_2.fastq.gz
SRR26416997_1.fastq.gz	/maps/projects/mjolnir1/people/sjr729/tutorial/skimming_scripts/oedulis/fastq/oedulis_RawFastq_14.08.24/SRR26416997_1.fastq.gz
SRR26416997_2.fastq.gz	/maps/projects/mjolnir1/people/sjr729/tutorial/skimming_scripts/oedulis/fastq/oedulis_RawFastq_14.08.24/SRR26416997_2.fastq.gz
SRR26416998_1.fastq.gz	/maps/projects/mjolnir1/people/sjr729/tutorial/skimming_scripts/oedulis/fastq/oedulis_RawFastq_14.08.24/SRR26416998_1.fastq.gz
SRR26416998_2.fastq.gz	/maps/projects/mjolnir1/people/sjr729/tutorial/skimming_scripts/oedulis/fastq/oedulis_RawFastq_14.08.24/SRR26416998_2.fastq.gz
SRR26416999_1.fastq.gz	/maps/projects/mjolnir1/people/sjr729/tutorial/skimming_scripts/oedulis/fastq/oedulis_RawFastq_14.08.24/SRR26416999_1.fastq.gz
SRR26416999_2.fastq.gz	/maps/projects/mjolnir1/people/sjr729/tutorial/skimming_scripts/oedulis/fastq/oedulis_RawFastq_14.08.24/SRR26416999_2.fastq.gz
SRR26417000_1.fastq.gz	/maps/projects/mjolnir1/people/sjr729/tutorial/skimming_scripts/oedulis/fastq/oedulis_RawFastq_14.08.24/SRR26417000_1.fastq.gz
SRR26417000_2.fastq.gz	/maps/projects/mjolnir1/people/sjr729/tutorial/skimming_scripts/oedulis/fastq/oedulis_RawFastq_14.08.24/SRR26417000_2.fastq.gz
SRR26417001_1.fastq.gz	/maps/projects/mjolnir1/people/sjr729/tutorial/skimming_scripts/oedulis/fastq/oedulis_RawFastq_14.08.24/SRR26417001_1.fastq.gz
SRR26417001_2.fastq.gz	/maps/projects/mjolnir1/people/sjr729/tutorial/skimming_scripts/oedulis/fastq/oedulis_RawFastq_14.08.24/SRR26417001_2.fastq.gz
SRR26417002_1.fastq.gz	/maps/projects/mjolnir1/people/sjr729/tutorial/skimming_scripts/oedulis/fastq/oedulis_RawFastq_14.08.24/SRR26417002_1.fastq.gz
SRR26417002_2.fastq.gz	/maps/projects/mjolnir1/people/sjr729/tutorial/skimming_scripts/oedulis/fastq/oedulis_RawFastq_14.08.24/SRR26417002_2.fastq.gz
SRR26417003_1.fastq.gz	/maps/projects/mjolnir1/people/sjr729/tutorial/skimming_scripts/oedulis/fastq/oedulis_RawFastq_14.08.24/SRR26417003_1.fastq.gz
SRR26417003_2.fastq.gz	/maps/projects/mjolnir1/people/sjr729/tutorial/skimming_scripts/oedulis/fastq/oedulis_RawFastq_14.08.24/SRR26417003_2.fastq.gz
SRR26417006_1.fastq.gz	/maps/projects/mjolnir1/people/sjr729/tutorial/skimming_scripts/oedulis/fastq/oedulis_RawFastq_14.08.24/SRR26417006_1.fastq.gz
SRR26417006_2.fastq.gz	/maps/projects/mjolnir1/people/sjr729/tutorial/skimming_scripts/oedulis/fastq/oedulis_RawFastq_14.08.24/SRR26417006_2.fastq.gz
SRR26417017_1.fastq.gz	/maps/projects/mjolnir1/people/sjr729/tutorial/skimming_scripts/oedulis/fastq/oedulis_RawFastq_14.08.24/SRR26417017_1.fastq.gz
SRR26417017_2.fastq.gz	/maps/projects/mjolnir1/people/sjr729/tutorial/skimming_scripts/oedulis/fastq/oedulis_RawFastq_14.08.24/SRR26417017_2.fastq.gz
SRR26417020_1.fastq.gz	/maps/projects/mjolnir1/people/sjr729/tutorial/skimming_scripts/oedulis/fastq/oedulis_RawFastq_14.08.24/SRR26417020_1.fastq.gz
SRR26417020_2.fastq.gz	/maps/projects/mjolnir1/people/sjr729/tutorial/skimming_scripts/oedulis/fastq/oedulis_RawFastq_14.08.24/SRR26417020_2.fastq.gz
SRR26417021_1.fastq.gz	/maps/projects/mjolnir1/people/sjr729/tutorial/skimming_scripts/oedulis/fastq/oedulis_RawFastq_14.08.24/SRR26417021_1.fastq.gz
SRR26417021_2.fastq.gz	/maps/projects/mjolnir1/people/sjr729/tutorial/skimming_scripts/oedulis/fastq/oedulis_RawFastq_14.08.24/SRR26417021_2.fastq.gz
SRR26417022_1.fastq.gz	/maps/projects/mjolnir1/people/sjr729/tutorial/skimming_scripts/oedulis/fastq/oedulis_RawFastq_14.08.24/SRR26417022_1.fastq.gz
SRR26417022_2.fastq.gz	/maps/projects/mjolnir1/people/sjr729/tutorial/skimming_scripts/oedulis/fastq/oedulis_RawFastq_14.08.24/SRR26417022_2.fastq.gz
SRR26417023_1.fastq.gz	/maps/projects/mjolnir1/people/sjr729/tutorial/skimming_scripts/oedulis/fastq/oedulis_RawFastq_14.08.24/SRR26417023_1.fastq.gz
SRR26417023_2.fastq.gz	/maps/projects/mjolnir1/people/sjr729/tutorial/skimming_scripts/oedulis/fastq/oedulis_RawFastq_14.08.24/SRR26417023_2.fastq.gz
SRR26417024_1.fastq.gz	/maps/projects/mjolnir1/people/sjr729/tutorial/skimming_scripts/oedulis/fastq/oedulis_RawFastq_14.08.24/SRR26417024_1.fastq.gz
SRR26417024_2.fastq.gz	/maps/projects/mjolnir1/people/sjr729/tutorial/skimming_scripts/oedulis/fastq/oedulis_RawFastq_14.08.24/SRR26417024_2.fastq.gz
SRR26417025_1.fastq.gz	/maps/projects/mjolnir1/people/sjr729/tutorial/skimming_scripts/oedulis/fastq/oedulis_RawFastq_14.08.24/SRR26417025_1.fastq.gz
SRR26417025_2.fastq.gz	/maps/projects/mjolnir1/people/sjr729/tutorial/skimming_scripts/oedulis/fastq/oedulis_RawFastq_14.08.24/SRR26417025_2.fastq.gz
SRR26417026_1.fastq.gz	/maps/projects/mjolnir1/people/sjr729/tutorial/skimming_scripts/oedulis/fastq/oedulis_RawFastq_14.08.24/SRR26417026_1.fastq.gz
SRR26417026_2.fastq.gz	/maps/projects/mjolnir1/people/sjr729/tutorial/skimming_scripts/oedulis/fastq/oedulis_RawFastq_14.08.24/SRR26417026_2.fastq.gz
SRR26417027_1.fastq.gz	/maps/projects/mjolnir1/people/sjr729/tutorial/skimming_scripts/oedulis/fastq/oedulis_RawFastq_14.08.24/SRR26417027_1.fastq.gz
SRR26417027_2.fastq.gz	/maps/projects/mjolnir1/people/sjr729/tutorial/skimming_scripts/oedulis/fastq/oedulis_RawFastq_14.08.24/SRR26417027_2.fastq.gz
SRR26417028_1.fastq.gz	/maps/projects/mjolnir1/people/sjr729/tutorial/skimming_scripts/oedulis/fastq/oedulis_RawFastq_14.08.24/SRR26417028_1.fastq.gz
SRR26417028_2.fastq.gz	/maps/projects/mjolnir1/people/sjr729/tutorial/skimming_scripts/oedulis/fastq/oedulis_RawFastq_14.08.24/SRR26417028_2.fastq.gz
SRR26417029_1.fastq.gz	/maps/projects/mjolnir1/people/sjr729/tutorial/skimming_scripts/oedulis/fastq/oedulis_RawFastq_14.08.24/SRR26417029_1.fastq.gz
SRR26417029_2.fastq.gz	/maps/projects/mjolnir1/people/sjr729/tutorial/skimming_scripts/oedulis/fastq/oedulis_RawFastq_14.08.24/SRR26417029_2.fastq.gz
SRR26417030_1.fastq.gz	/maps/projects/mjolnir1/people/sjr729/tutorial/skimming_scripts/oedulis/fastq/oedulis_RawFastq_14.08.24/SRR26417030_1.fastq.gz
SRR26417030_2.fastq.gz	/maps/projects/mjolnir1/people/sjr729/tutorial/skimming_scripts/oedulis/fastq/oedulis_RawFastq_14.08.24/SRR26417030_2.fastq.gz
SRR26417031_1.fastq.gz	/maps/projects/mjolnir1/people/sjr729/tutorial/skimming_scripts/oedulis/fastq/oedulis_RawFastq_14.08.24/SRR26417031_1.fastq.gz
SRR26417031_2.fastq.gz	/maps/projects/mjolnir1/people/sjr729/tutorial/skimming_scripts/oedulis/fastq/oedulis_RawFastq_14.08.24/SRR26417031_2.fastq.gz
SRR26417032_1.fastq.gz	/maps/projects/mjolnir1/people/sjr729/tutorial/skimming_scripts/oedulis/fastq/oedulis_RawFastq_14.08.24/SRR26417032_1.fastq.gz
SRR26417032_2.fastq.gz	/maps/projects/mjolnir1/people/sjr729/tutorial/skimming_scripts/oedulis/fastq/oedulis_RawFastq_14.08.24/SRR26417032_2.fastq.gz
SRR26417033_1.fastq.gz	/maps/projects/mjolnir1/people/sjr729/tutorial/skimming_scripts/oedulis/fastq/oedulis_RawFastq_14.08.24/SRR26417033_1.fastq.gz
SRR26417033_2.fastq.gz	/maps/projects/mjolnir1/people/sjr729/tutorial/skimming_scripts/oedulis/fastq/oedulis_RawFastq_14.08.24/SRR26417033_2.fastq.gz
SRR26417034_1.fastq.gz	/maps/projects/mjolnir1/people/sjr729/tutorial/skimming_scripts/oedulis/fastq/oedulis_RawFastq_14.08.24/SRR26417034_1.fastq.gz
SRR26417034_2.fastq.gz	/maps/projects/mjolnir1/people/sjr729/tutorial/skimming_scripts/oedulis/fastq/oedulis_RawFastq_14.08.24/SRR26417034_2.fastq.gz
SRR26417035_1.fastq.gz	/maps/projects/mjolnir1/people/sjr729/tutorial/skimming_scripts/oedulis/fastq/oedulis_RawFastq_14.08.24/SRR26417035_1.fastq.gz
SRR26417035_2.fastq.gz	/maps/projects/mjolnir1/people/sjr729/tutorial/skimming_scripts/oedulis/fastq/oedulis_RawFastq_14.08.24/SRR26417035_2.fastq.gz
SRR26417036_1.fastq.gz	/maps/projects/mjolnir1/people/sjr729/tutorial/skimming_scripts/oedulis/fastq/oedulis_RawFastq_14.08.24/SRR26417036_1.fastq.gz
SRR26417036_2.fastq.gz	/maps/projects/mjolnir1/people/sjr729/tutorial/skimming_scripts/oedulis/fastq/oedulis_RawFastq_14.08.24/SRR26417036_2.fastq.gz
SRR26417037_1.fastq.gz	/maps/projects/mjolnir1/people/sjr729/tutorial/skimming_scripts/oedulis/fastq/oedulis_RawFastq_14.08.24/SRR26417037_1.fastq.gz
SRR26417037_2.fastq.gz	/maps/projects/mjolnir1/people/sjr729/tutorial/skimming_scripts/oedulis/fastq/oedulis_RawFastq_14.08.24/SRR26417037_2.fastq.gz
SRR26417038_1.fastq.gz	/maps/projects/mjolnir1/people/sjr729/tutorial/skimming_scripts/oedulis/fastq/oedulis_RawFastq_14.08.24/SRR26417038_1.fastq.gz
SRR26417038_2.fastq.gz	/maps/projects/mjolnir1/people/sjr729/tutorial/skimming_scripts/oedulis/fastq/oedulis_RawFastq_14.08.24/SRR26417038_2.fastq.gz
SRR26417039_1.fastq.gz	/maps/projects/mjolnir1/people/sjr729/tutorial/skimming_scripts/oedulis/fastq/oedulis_RawFastq_14.08.24/SRR26417039_1.fastq.gz
SRR26417039_2.fastq.gz	/maps/projects/mjolnir1/people/sjr729/tutorial/skimming_scripts/oedulis/fastq/oedulis_RawFastq_14.08.24/SRR26417039_2.fastq.gz
SRR26417040_1.fastq.gz	/maps/projects/mjolnir1/people/sjr729/tutorial/skimming_scripts/oedulis/fastq/oedulis_RawFastq_14.08.24/SRR26417040_1.fastq.gz
SRR26417040_2.fastq.gz	/maps/projects/mjolnir1/people/sjr729/tutorial/skimming_scripts/oedulis/fastq/oedulis_RawFastq_14.08.24/SRR26417040_2.fastq.gz
SRR26417041_1.fastq.gz	/maps/projects/mjolnir1/people/sjr729/tutorial/skimming_scripts/oedulis/fastq/oedulis_RawFastq_14.08.24/SRR26417041_1.fastq.gz
SRR26417041_2.fastq.gz	/maps/projects/mjolnir1/people/sjr729/tutorial/skimming_scripts/oedulis/fastq/oedulis_RawFastq_14.08.24/SRR26417041_2.fastq.gz
SRR26417043_1.fastq.gz	/maps/projects/mjolnir1/people/sjr729/tutorial/skimming_scripts/oedulis/fastq/oedulis_RawFastq_14.08.24/SRR26417043_1.fastq.gz
SRR26417043_2.fastq.gz	/maps/projects/mjolnir1/people/sjr729/tutorial/skimming_scripts/oedulis/fastq/oedulis_RawFastq_14.08.24/SRR26417043_2.fastq.gz
SRR26417044_1.fastq.gz	/maps/projects/mjolnir1/people/sjr729/tutorial/skimming_scripts/oedulis/fastq/oedulis_RawFastq_14.08.24/SRR26417044_1.fastq.gz
SRR26417044_2.fastq.gz	/maps/projects/mjolnir1/people/sjr729/tutorial/skimming_scripts/oedulis/fastq/oedulis_RawFastq_14.08.24/SRR26417044_2.fastq.gz
SRR26417045_1.fastq.gz	/maps/projects/mjolnir1/people/sjr729/tutorial/skimming_scripts/oedulis/fastq/oedulis_RawFastq_14.08.24/SRR26417045_1.fastq.gz
SRR26417045_2.fastq.gz	/maps/projects/mjolnir1/people/sjr729/tutorial/skimming_scripts/oedulis/fastq/oedulis_RawFastq_14.08.24/SRR26417045_2.fastq.gz
SRR26417046_1.fastq.gz	/maps/projects/mjolnir1/people/sjr729/tutorial/skimming_scripts/oedulis/fastq/oedulis_RawFastq_14.08.24/SRR26417046_1.fastq.gz
SRR26417046_2.fastq.gz	/maps/projects/mjolnir1/people/sjr729/tutorial/skimming_scripts/oedulis/fastq/oedulis_RawFastq_14.08.24/SRR26417046_2.fastq.gz
SRR26417047_1.fastq.gz	/maps/projects/mjolnir1/people/sjr729/tutorial/skimming_scripts/oedulis/fastq/oedulis_RawFastq_14.08.24/SRR26417047_1.fastq.gz
SRR26417047_2.fastq.gz	/maps/projects/mjolnir1/people/sjr729/tutorial/skimming_scripts/oedulis/fastq/oedulis_RawFastq_14.08.24/SRR26417047_2.fastq.gz
SRR26417048_1.fastq.gz	/maps/projects/mjolnir1/people/sjr729/tutorial/skimming_scripts/oedulis/fastq/oedulis_RawFastq_14.08.24/SRR26417048_1.fastq.gz
SRR26417048_2.fastq.gz	/maps/projects/mjolnir1/people/sjr729/tutorial/skimming_scripts/oedulis/fastq/oedulis_RawFastq_14.08.24/SRR26417048_2.fastq.gz
SRR26417053_1.fastq.gz	/maps/projects/mjolnir1/people/sjr729/tutorial/skimming_scripts/oedulis/fastq/oedulis_RawFastq_14.08.24/SRR26417053_1.fastq.gz
SRR26417053_2.fastq.gz	/maps/projects/mjolnir1/people/sjr729/tutorial/skimming_scripts/oedulis/fastq/oedulis_RawFastq_14.08.24/SRR26417053_2.fastq.gz
SRR26417066_1.fastq.gz	/maps/projects/mjolnir1/people/sjr729/tutorial/skimming_scripts/oedulis/fastq/oedulis_RawFastq_14.08.24/SRR26417066_1.fastq.gz
SRR26417066_2.fastq.gz	/maps/projects/mjolnir1/people/sjr729/tutorial/skimming_scripts/oedulis/fastq/oedulis_RawFastq_14.08.24/SRR26417066_2.fastq.gz
SRR26417146_1.fastq.gz	/maps/projects/mjolnir1/people/sjr729/tutorial/skimming_scripts/oedulis/fastq/oedulis_RawFastq_14.08.24/SRR26417146_1.fastq.gz
SRR26417146_2.fastq.gz	/maps/projects/mjolnir1/people/sjr729/tutorial/skimming_scripts/oedulis/fastq/oedulis_RawFastq_14.08.24/SRR26417146_2.fastq.gz
SRR26417173_1.fastq.gz	/maps/projects/mjolnir1/people/sjr729/tutorial/skimming_scripts/oedulis/fastq/oedulis_RawFastq_14.08.24/SRR26417173_1.fastq.gz
SRR26417173_2.fastq.gz	/maps/projects/mjolnir1/people/sjr729/tutorial/skimming_scripts/oedulis/fastq/oedulis_RawFastq_14.08.24/SRR26417173_2.fastq.gz
SRR26417184_1.fastq.gz	/maps/projects/mjolnir1/people/sjr729/tutorial/skimming_scripts/oedulis/fastq/oedulis_RawFastq_14.08.24/SRR26417184_1.fastq.gz
SRR26417184_2.fastq.gz	/maps/projects/mjolnir1/people/sjr729/tutorial/skimming_scripts/oedulis/fastq/oedulis_RawFastq_14.08.24/SRR26417184_2.fastq.gz
SRR26417185_1.fastq.gz	/maps/projects/mjolnir1/people/sjr729/tutorial/skimming_scripts/oedulis/fastq/oedulis_RawFastq_14.08.24/SRR26417185_1.fastq.gz
SRR26417185_2.fastq.gz	/maps/projects/mjolnir1/people/sjr729/tutorial/skimming_scripts/oedulis/fastq/oedulis_RawFastq_14.08.24/SRR26417185_2.fastq.gz
SRR26417186_1.fastq.gz	/maps/projects/mjolnir1/people/sjr729/tutorial/skimming_scripts/oedulis/fastq/oedulis_RawFastq_14.08.24/SRR26417186_1.fastq.gz
SRR26417186_2.fastq.gz	/maps/projects/mjolnir1/people/sjr729/tutorial/skimming_scripts/oedulis/fastq/oedulis_RawFastq_14.08.24/SRR26417186_2.fastq.gz
SRR26417187_1.fastq.gz	/maps/projects/mjolnir1/people/sjr729/tutorial/skimming_scripts/oedulis/fastq/oedulis_RawFastq_14.08.24/SRR26417187_1.fastq.gz
SRR26417187_2.fastq.gz	/maps/projects/mjolnir1/people/sjr729/tutorial/skimming_scripts/oedulis/fastq/oedulis_RawFastq_14.08.24/SRR26417187_2.fastq.gz
SRR26417188_1.fastq.gz	/maps/projects/mjolnir1/people/sjr729/tutorial/skimming_scripts/oedulis/fastq/oedulis_RawFastq_14.08.24/SRR26417188_1.fastq.gz
SRR26417188_2.fastq.gz	/maps/projects/mjolnir1/people/sjr729/tutorial/skimming_scripts/oedulis/fastq/oedulis_RawFastq_14.08.24/SRR26417188_2.fastq.gz
SRR26417189_1.fastq.gz	/maps/projects/mjolnir1/people/sjr729/tutorial/skimming_scripts/oedulis/fastq/oedulis_RawFastq_14.08.24/SRR26417189_1.fastq.gz
SRR26417189_2.fastq.gz	/maps/projects/mjolnir1/people/sjr729/tutorial/skimming_scripts/oedulis/fastq/oedulis_RawFastq_14.08.24/SRR26417189_2.fastq.gz
SRR26417190_1.fastq.gz	/maps/projects/mjolnir1/people/sjr729/tutorial/skimming_scripts/oedulis/fastq/oedulis_RawFastq_14.08.24/SRR26417190_1.fastq.gz
SRR26417190_2.fastq.gz	/maps/projects/mjolnir1/people/sjr729/tutorial/skimming_scripts/oedulis/fastq/oedulis_RawFastq_14.08.24/SRR26417190_2.fastq.gz
SRR26417191_1.fastq.gz	/maps/projects/mjolnir1/people/sjr729/tutorial/skimming_scripts/oedulis/fastq/oedulis_RawFastq_14.08.24/SRR26417191_1.fastq.gz
SRR26417191_2.fastq.gz	/maps/projects/mjolnir1/people/sjr729/tutorial/skimming_scripts/oedulis/fastq/oedulis_RawFastq_14.08.24/SRR26417191_2.fastq.gz
SRR26417192_1.fastq.gz	/maps/projects/mjolnir1/people/sjr729/tutorial/skimming_scripts/oedulis/fastq/oedulis_RawFastq_14.08.24/SRR26417192_1.fastq.gz
SRR26417192_2.fastq.gz	/maps/projects/mjolnir1/people/sjr729/tutorial/skimming_scripts/oedulis/fastq/oedulis_RawFastq_14.08.24/SRR26417192_2.fastq.gz
SRR26417193_1.fastq.gz	/maps/projects/mjolnir1/people/sjr729/tutorial/skimming_scripts/oedulis/fastq/oedulis_RawFastq_14.08.24/SRR26417193_1.fastq.gz
SRR26417193_2.fastq.gz	/maps/projects/mjolnir1/people/sjr729/tutorial/skimming_scripts/oedulis/fastq/oedulis_RawFastq_14.08.24/SRR26417193_2.fastq.gz
SRR26417194_1.fastq.gz	/maps/projects/mjolnir1/people/sjr729/tutorial/skimming_scripts/oedulis/fastq/oedulis_RawFastq_14.08.24/SRR26417194_1.fastq.gz
SRR26417194_2.fastq.gz	/maps/projects/mjolnir1/people/sjr729/tutorial/skimming_scripts/oedulis/fastq/oedulis_RawFastq_14.08.24/SRR26417194_2.fastq.gz
SRR26417195_1.fastq.gz	/maps/projects/mjolnir1/people/sjr729/tutorial/skimming_scripts/oedulis/fastq/oedulis_RawFastq_14.08.24/SRR26417195_1.fastq.gz
SRR26417195_2.fastq.gz	/maps/projects/mjolnir1/people/sjr729/tutorial/skimming_scripts/oedulis/fastq/oedulis_RawFastq_14.08.24/SRR26417195_2.fastq.gz
SRR26417196_1.fastq.gz	/maps/projects/mjolnir1/people/sjr729/tutorial/skimming_scripts/oedulis/fastq/oedulis_RawFastq_14.08.24/SRR26417196_1.fastq.gz
SRR26417196_2.fastq.gz	/maps/projects/mjolnir1/people/sjr729/tutorial/skimming_scripts/oedulis/fastq/oedulis_RawFastq_14.08.24/SRR26417196_2.fastq.gz
SRR26417197_1.fastq.gz	/maps/projects/mjolnir1/people/sjr729/tutorial/skimming_scripts/oedulis/fastq/oedulis_RawFastq_14.08.24/SRR26417197_1.fastq.gz
SRR26417197_2.fastq.gz	/maps/projects/mjolnir1/people/sjr729/tutorial/skimming_scripts/oedulis/fastq/oedulis_RawFastq_14.08.24/SRR26417197_2.fastq.gz
SRR26417198_1.fastq.gz	/maps/projects/mjolnir1/people/sjr729/tutorial/skimming_scripts/oedulis/fastq/oedulis_RawFastq_14.08.24/SRR26417198_1.fastq.gz
SRR26417198_2.fastq.gz	/maps/projects/mjolnir1/people/sjr729/tutorial/skimming_scripts/oedulis/fastq/oedulis_RawFastq_14.08.24/SRR26417198_2.fastq.gz
SRR26417200_1.fastq.gz	/maps/projects/mjolnir1/people/sjr729/tutorial/skimming_scripts/oedulis/fastq/oedulis_RawFastq_14.08.24/SRR26417200_1.fastq.gz
SRR26417200_2.fastq.gz	/maps/projects/mjolnir1/people/sjr729/tutorial/skimming_scripts/oedulis/fastq/oedulis_RawFastq_14.08.24/SRR26417200_2.fastq.gz
SRR26417201_1.fastq.gz	/maps/projects/mjolnir1/people/sjr729/tutorial/skimming_scripts/oedulis/fastq/oedulis_RawFastq_14.08.24/SRR26417201_1.fastq.gz
SRR26417201_2.fastq.gz	/maps/projects/mjolnir1/people/sjr729/tutorial/skimming_scripts/oedulis/fastq/oedulis_RawFastq_14.08.24/SRR26417201_2.fastq.gz
SRR26417202_1.fastq.gz	/maps/projects/mjolnir1/people/sjr729/tutorial/skimming_scripts/oedulis/fastq/oedulis_RawFastq_14.08.24/SRR26417202_1.fastq.gz
SRR26417202_2.fastq.gz	/maps/projects/mjolnir1/people/sjr729/tutorial/skimming_scripts/oedulis/fastq/oedulis_RawFastq_14.08.24/SRR26417202_2.fastq.gz
SRR26417203_1.fastq.gz	/maps/projects/mjolnir1/people/sjr729/tutorial/skimming_scripts/oedulis/fastq/oedulis_RawFastq_14.08.24/SRR26417203_1.fastq.gz
SRR26417203_2.fastq.gz	/maps/projects/mjolnir1/people/sjr729/tutorial/skimming_scripts/oedulis/fastq/oedulis_RawFastq_14.08.24/SRR26417203_2.fastq.gz
SRR26417204_1.fastq.gz	/maps/projects/mjolnir1/people/sjr729/tutorial/skimming_scripts/oedulis/fastq/oedulis_RawFastq_14.08.24/SRR26417204_1.fastq.gz
SRR26417204_2.fastq.gz	/maps/projects/mjolnir1/people/sjr729/tutorial/skimming_scripts/oedulis/fastq/oedulis_RawFastq_14.08.24/SRR26417204_2.fastq.gz
SRR26417205_1.fastq.gz	/maps/projects/mjolnir1/people/sjr729/tutorial/skimming_scripts/oedulis/fastq/oedulis_RawFastq_14.08.24/SRR26417205_1.fastq.gz
SRR26417205_2.fastq.gz	/maps/projects/mjolnir1/people/sjr729/tutorial/skimming_scripts/oedulis/fastq/oedulis_RawFastq_14.08.24/SRR26417205_2.fastq.gz
SRR26417206_1.fastq.gz	/maps/projects/mjolnir1/people/sjr729/tutorial/skimming_scripts/oedulis/fastq/oedulis_RawFastq_14.08.24/SRR26417206_1.fastq.gz
SRR26417206_2.fastq.gz	/maps/projects/mjolnir1/people/sjr729/tutorial/skimming_scripts/oedulis/fastq/oedulis_RawFastq_14.08.24/SRR26417206_2.fastq.gz
SRR26417218_1.fastq.gz	/maps/projects/mjolnir1/people/sjr729/tutorial/skimming_scripts/oedulis/fastq/oedulis_RawFastq_14.08.24/SRR26417218_1.fastq.gz
SRR26417218_2.fastq.gz	/maps/projects/mjolnir1/people/sjr729/tutorial/skimming_scripts/oedulis/fastq/oedulis_RawFastq_14.08.24/SRR26417218_2.fastq.gz
SRR26417257_1.fastq.gz	/maps/projects/mjolnir1/people/sjr729/tutorial/skimming_scripts/oedulis/fastq/oedulis_RawFastq_14.08.24/SRR26417257_1.fastq.gz
SRR26417257_2.fastq.gz	/maps/projects/mjolnir1/people/sjr729/tutorial/skimming_scripts/oedulis/fastq/oedulis_RawFastq_14.08.24/SRR26417257_2.fastq.gz
SRR26417292_1.fastq.gz	/maps/projects/mjolnir1/people/sjr729/tutorial/skimming_scripts/oedulis/fastq/oedulis_RawFastq_14.08.24/SRR26417292_1.fastq.gz
SRR26417292_2.fastq.gz	/maps/projects/mjolnir1/people/sjr729/tutorial/skimming_scripts/oedulis/fastq/oedulis_RawFastq_14.08.24/SRR26417292_2.fastq.gz
SRR26417303_1.fastq.gz	/maps/projects/mjolnir1/people/sjr729/tutorial/skimming_scripts/oedulis/fastq/oedulis_RawFastq_14.08.24/SRR26417303_1.fastq.gz
SRR26417303_2.fastq.gz	/maps/projects/mjolnir1/people/sjr729/tutorial/skimming_scripts/oedulis/fastq/oedulis_RawFastq_14.08.24/SRR26417303_2.fastq.gz
SRR26417313_1.fastq.gz	/maps/projects/mjolnir1/people/sjr729/tutorial/skimming_scripts/oedulis/fastq/oedulis_RawFastq_14.08.24/SRR26417313_1.fastq.gz
SRR26417313_2.fastq.gz	/maps/projects/mjolnir1/people/sjr729/tutorial/skimming_scripts/oedulis/fastq/oedulis_RawFastq_14.08.24/SRR26417313_2.fastq.gz
SRR26417314_1.fastq.gz	/maps/projects/mjolnir1/people/sjr729/tutorial/skimming_scripts/oedulis/fastq/oedulis_RawFastq_14.08.24/SRR26417314_1.fastq.gz
SRR26417314_2.fastq.gz	/maps/projects/mjolnir1/people/sjr729/tutorial/skimming_scripts/oedulis/fastq/oedulis_RawFastq_14.08.24/SRR26417314_2.fastq.gz
SRR26417315_1.fastq.gz	/maps/projects/mjolnir1/people/sjr729/tutorial/skimming_scripts/oedulis/fastq/oedulis_RawFastq_14.08.24/SRR26417315_1.fastq.gz
SRR26417315_2.fastq.gz	/maps/projects/mjolnir1/people/sjr729/tutorial/skimming_scripts/oedulis/fastq/oedulis_RawFastq_14.08.24/SRR26417315_2.fastq.gz
SRR26417316_1.fastq.gz	/maps/projects/mjolnir1/people/sjr729/tutorial/skimming_scripts/oedulis/fastq/oedulis_RawFastq_14.08.24/SRR26417316_1.fastq.gz
SRR26417316_2.fastq.gz	/maps/projects/mjolnir1/people/sjr729/tutorial/skimming_scripts/oedulis/fastq/oedulis_RawFastq_14.08.24/SRR26417316_2.fastq.gz
SRR26417317_1.fastq.gz	/maps/projects/mjolnir1/people/sjr729/tutorial/skimming_scripts/oedulis/fastq/oedulis_RawFastq_14.08.24/SRR26417317_1.fastq.gz
SRR26417317_2.fastq.gz	/maps/projects/mjolnir1/people/sjr729/tutorial/skimming_scripts/oedulis/fastq/oedulis_RawFastq_14.08.24/SRR26417317_2.fastq.gz
SRR26417318_1.fastq.gz	/maps/projects/mjolnir1/people/sjr729/tutorial/skimming_scripts/oedulis/fastq/oedulis_RawFastq_14.08.24/SRR26417318_1.fastq.gz
SRR26417318_2.fastq.gz	/maps/projects/mjolnir1/people/sjr729/tutorial/skimming_scripts/oedulis/fastq/oedulis_RawFastq_14.08.24/SRR26417318_2.fastq.gz
SRR26417319_1.fastq.gz	/maps/projects/mjolnir1/people/sjr729/tutorial/skimming_scripts/oedulis/fastq/oedulis_RawFastq_14.08.24/SRR26417319_1.fastq.gz
SRR26417319_2.fastq.gz	/maps/projects/mjolnir1/people/sjr729/tutorial/skimming_scripts/oedulis/fastq/oedulis_RawFastq_14.08.24/SRR26417319_2.fastq.gz
SRR26417320_1.fastq.gz	/maps/projects/mjolnir1/people/sjr729/tutorial/skimming_scripts/oedulis/fastq/oedulis_RawFastq_14.08.24/SRR26417320_1.fastq.gz
SRR26417320_2.fastq.gz	/maps/projects/mjolnir1/people/sjr729/tutorial/skimming_scripts/oedulis/fastq/oedulis_RawFastq_14.08.24/SRR26417320_2.fastq.gz
SRR26417321_1.fastq.gz	/maps/projects/mjolnir1/people/sjr729/tutorial/skimming_scripts/oedulis/fastq/oedulis_RawFastq_14.08.24/SRR26417321_1.fastq.gz
SRR26417321_2.fastq.gz	/maps/projects/mjolnir1/people/sjr729/tutorial/skimming_scripts/oedulis/fastq/oedulis_RawFastq_14.08.24/SRR26417321_2.fastq.gz
SRR26417323_1.fastq.gz	/maps/projects/mjolnir1/people/sjr729/tutorial/skimming_scripts/oedulis/fastq/oedulis_RawFastq_14.08.24/SRR26417323_1.fastq.gz
SRR26417323_2.fastq.gz	/maps/projects/mjolnir1/people/sjr729/tutorial/skimming_scripts/oedulis/fastq/oedulis_RawFastq_14.08.24/SRR26417323_2.fastq.gz
SRR26417324_1.fastq.gz	/maps/projects/mjolnir1/people/sjr729/tutorial/skimming_scripts/oedulis/fastq/oedulis_RawFastq_14.08.24/SRR26417324_1.fastq.gz
SRR26417324_2.fastq.gz	/maps/projects/mjolnir1/people/sjr729/tutorial/skimming_scripts/oedulis/fastq/oedulis_RawFastq_14.08.24/SRR26417324_2.fastq.gz
SRR26417325_1.fastq.gz	/maps/projects/mjolnir1/people/sjr729/tutorial/skimming_scripts/oedulis/fastq/oedulis_RawFastq_14.08.24/SRR26417325_1.fastq.gz
SRR26417325_2.fastq.gz	/maps/projects/mjolnir1/people/sjr729/tutorial/skimming_scripts/oedulis/fastq/oedulis_RawFastq_14.08.24/SRR26417325_2.fastq.gz
SRR26417326_1.fastq.gz	/maps/projects/mjolnir1/people/sjr729/tutorial/skimming_scripts/oedulis/fastq/oedulis_RawFastq_14.08.24/SRR26417326_1.fastq.gz
SRR26417326_2.fastq.gz	/maps/projects/mjolnir1/people/sjr729/tutorial/skimming_scripts/oedulis/fastq/oedulis_RawFastq_14.08.24/SRR26417326_2.fastq.gz
SRR26417327_1.fastq.gz	/maps/projects/mjolnir1/people/sjr729/tutorial/skimming_scripts/oedulis/fastq/oedulis_RawFastq_14.08.24/SRR26417327_1.fastq.gz
SRR26417327_2.fastq.gz	/maps/projects/mjolnir1/people/sjr729/tutorial/skimming_scripts/oedulis/fastq/oedulis_RawFastq_14.08.24/SRR26417327_2.fastq.gz
SRR26417337_1.fastq.gz	/maps/projects/mjolnir1/people/sjr729/tutorial/skimming_scripts/oedulis/fastq/oedulis_RawFastq_14.08.24/SRR26417337_1.fastq.gz
SRR26417337_2.fastq.gz	/maps/projects/mjolnir1/people/sjr729/tutorial/skimming_scripts/oedulis/fastq/oedulis_RawFastq_14.08.24/SRR26417337_2.fastq.gz
SRR26417338_1.fastq.gz	/maps/projects/mjolnir1/people/sjr729/tutorial/skimming_scripts/oedulis/fastq/oedulis_RawFastq_14.08.24/SRR26417338_1.fastq.gz
SRR26417338_2.fastq.gz	/maps/projects/mjolnir1/people/sjr729/tutorial/skimming_scripts/oedulis/fastq/oedulis_RawFastq_14.08.24/SRR26417338_2.fastq.gz
SRR26417339_1.fastq.gz	/maps/projects/mjolnir1/people/sjr729/tutorial/skimming_scripts/oedulis/fastq/oedulis_RawFastq_14.08.24/SRR26417339_1.fastq.gz
SRR26417339_2.fastq.gz	/maps/projects/mjolnir1/people/sjr729/tutorial/skimming_scripts/oedulis/fastq/oedulis_RawFastq_14.08.24/SRR26417339_2.fastq.gz
SRR26417340_1.fastq.gz	/maps/projects/mjolnir1/people/sjr729/tutorial/skimming_scripts/oedulis/fastq/oedulis_RawFastq_14.08.24/SRR26417340_1.fastq.gz
SRR26417340_2.fastq.gz	/maps/projects/mjolnir1/people/sjr729/tutorial/skimming_scripts/oedulis/fastq/oedulis_RawFastq_14.08.24/SRR26417340_2.fastq.gz
SRR26417341_1.fastq.gz	/maps/projects/mjolnir1/people/sjr729/tutorial/skimming_scripts/oedulis/fastq/oedulis_RawFastq_14.08.24/SRR26417341_1.fastq.gz
SRR26417341_2.fastq.gz	/maps/projects/mjolnir1/people/sjr729/tutorial/skimming_scripts/oedulis/fastq/oedulis_RawFastq_14.08.24/SRR26417341_2.fastq.gz
SRR26417342_1.fastq.gz	/maps/projects/mjolnir1/people/sjr729/tutorial/skimming_scripts/oedulis/fastq/oedulis_RawFastq_14.08.24/SRR26417342_1.fastq.gz
SRR26417342_2.fastq.gz	/maps/projects/mjolnir1/people/sjr729/tutorial/skimming_scripts/oedulis/fastq/oedulis_RawFastq_14.08.24/SRR26417342_2.fastq.gz
SRR26417343_1.fastq.gz	/maps/projects/mjolnir1/people/sjr729/tutorial/skimming_scripts/oedulis/fastq/oedulis_RawFastq_14.08.24/SRR26417343_1.fastq.gz
SRR26417343_2.fastq.gz	/maps/projects/mjolnir1/people/sjr729/tutorial/skimming_scripts/oedulis/fastq/oedulis_RawFastq_14.08.24/SRR26417343_2.fastq.gz
SRR26417344_1.fastq.gz	/maps/projects/mjolnir1/people/sjr729/tutorial/skimming_scripts/oedulis/fastq/oedulis_RawFastq_14.08.24/SRR26417344_1.fastq.gz
SRR26417344_2.fastq.gz	/maps/projects/mjolnir1/people/sjr729/tutorial/skimming_scripts/oedulis/fastq/oedulis_RawFastq_14.08.24/SRR26417344_2.fastq.gz
SRR26417345_1.fastq.gz	/maps/projects/mjolnir1/people/sjr729/tutorial/skimming_scripts/oedulis/fastq/oedulis_RawFastq_14.08.24/SRR26417345_1.fastq.gz
SRR26417345_2.fastq.gz	/maps/projects/mjolnir1/people/sjr729/tutorial/skimming_scripts/oedulis/fastq/oedulis_RawFastq_14.08.24/SRR26417345_2.fastq.gz
SRR26417346_1.fastq.gz	/maps/projects/mjolnir1/people/sjr729/tutorial/skimming_scripts/oedulis/fastq/oedulis_RawFastq_14.08.24/SRR26417346_1.fastq.gz
SRR26417346_2.fastq.gz	/maps/projects/mjolnir1/people/sjr729/tutorial/skimming_scripts/oedulis/fastq/oedulis_RawFastq_14.08.24/SRR26417346_2.fastq.gz
SRR26417347_1.fastq.gz	/maps/projects/mjolnir1/people/sjr729/tutorial/skimming_scripts/oedulis/fastq/oedulis_RawFastq_14.08.24/SRR26417347_1.fastq.gz
SRR26417347_2.fastq.gz	/maps/projects/mjolnir1/people/sjr729/tutorial/skimming_scripts/oedulis/fastq/oedulis_RawFastq_14.08.24/SRR26417347_2.fastq.gz
SRR26417348_1.fastq.gz	/maps/projects/mjolnir1/people/sjr729/tutorial/skimming_scripts/oedulis/fastq/oedulis_RawFastq_14.08.24/SRR26417348_1.fastq.gz
SRR26417348_2.fastq.gz	/maps/projects/mjolnir1/people/sjr729/tutorial/skimming_scripts/oedulis/fastq/oedulis_RawFastq_14.08.24/SRR26417348_2.fastq.gz
SRR26417349_1.fastq.gz	/maps/projects/mjolnir1/people/sjr729/tutorial/skimming_scripts/oedulis/fastq/oedulis_RawFastq_14.08.24/SRR26417349_1.fastq.gz
SRR26417349_2.fastq.gz	/maps/projects/mjolnir1/people/sjr729/tutorial/skimming_scripts/oedulis/fastq/oedulis_RawFastq_14.08.24/SRR26417349_2.fastq.gz
SRR26417350_1.fastq.gz	/maps/projects/mjolnir1/people/sjr729/tutorial/skimming_scripts/oedulis/fastq/oedulis_RawFastq_14.08.24/SRR26417350_1.fastq.gz
SRR26417350_2.fastq.gz	/maps/projects/mjolnir1/people/sjr729/tutorial/skimming_scripts/oedulis/fastq/oedulis_RawFastq_14.08.24/SRR26417350_2.fastq.gz
SRR26417351_1.fastq.gz	/maps/projects/mjolnir1/people/sjr729/tutorial/skimming_scripts/oedulis/fastq/oedulis_RawFastq_14.08.24/SRR26417351_1.fastq.gz
SRR26417351_2.fastq.gz	/maps/projects/mjolnir1/people/sjr729/tutorial/skimming_scripts/oedulis/fastq/oedulis_RawFastq_14.08.24/SRR26417351_2.fastq.gz
SRR26417352_1.fastq.gz	/maps/projects/mjolnir1/people/sjr729/tutorial/skimming_scripts/oedulis/fastq/oedulis_RawFastq_14.08.24/SRR26417352_1.fastq.gz
SRR26417352_2.fastq.gz	/maps/projects/mjolnir1/people/sjr729/tutorial/skimming_scripts/oedulis/fastq/oedulis_RawFastq_14.08.24/SRR26417352_2.fastq.gz
SRR26417353_1.fastq.gz	/maps/projects/mjolnir1/people/sjr729/tutorial/skimming_scripts/oedulis/fastq/oedulis_RawFastq_14.08.24/SRR26417353_1.fastq.gz
SRR26417353_2.fastq.gz	/maps/projects/mjolnir1/people/sjr729/tutorial/skimming_scripts/oedulis/fastq/oedulis_RawFastq_14.08.24/SRR26417353_2.fastq.gz
SRR26417354_1.fastq.gz	/maps/projects/mjolnir1/people/sjr729/tutorial/skimming_scripts/oedulis/fastq/oedulis_RawFastq_14.08.24/SRR26417354_1.fastq.gz
SRR26417354_2.fastq.gz	/maps/projects/mjolnir1/people/sjr729/tutorial/skimming_scripts/oedulis/fastq/oedulis_RawFastq_14.08.24/SRR26417354_2.fastq.gz
SRR26417355_1.fastq.gz	/maps/projects/mjolnir1/people/sjr729/tutorial/skimming_scripts/oedulis/fastq/oedulis_RawFastq_14.08.24/SRR26417355_1.fastq.gz
SRR26417355_2.fastq.gz	/maps/projects/mjolnir1/people/sjr729/tutorial/skimming_scripts/oedulis/fastq/oedulis_RawFastq_14.08.24/SRR26417355_2.fastq.gz
SRR26417356_1.fastq.gz	/maps/projects/mjolnir1/people/sjr729/tutorial/skimming_scripts/oedulis/fastq/oedulis_RawFastq_14.08.24/SRR26417356_1.fastq.gz
SRR26417356_2.fastq.gz	/maps/projects/mjolnir1/people/sjr729/tutorial/skimming_scripts/oedulis/fastq/oedulis_RawFastq_14.08.24/SRR26417356_2.fastq.gz
SRR26417357_1.fastq.gz	/maps/projects/mjolnir1/people/sjr729/tutorial/skimming_scripts/oedulis/fastq/oedulis_RawFastq_14.08.24/SRR26417357_1.fastq.gz
SRR26417357_2.fastq.gz	/maps/projects/mjolnir1/people/sjr729/tutorial/skimming_scripts/oedulis/fastq/oedulis_RawFastq_14.08.24/SRR26417357_2.fastq.gz
SRR26417358_1.fastq.gz	/maps/projects/mjolnir1/people/sjr729/tutorial/skimming_scripts/oedulis/fastq/oedulis_RawFastq_14.08.24/SRR26417358_1.fastq.gz
SRR26417358_2.fastq.gz	/maps/projects/mjolnir1/people/sjr729/tutorial/skimming_scripts/oedulis/fastq/oedulis_RawFastq_14.08.24/SRR26417358_2.fastq.gz
SRR26417359_1.fastq.gz	/maps/projects/mjolnir1/people/sjr729/tutorial/skimming_scripts/oedulis/fastq/oedulis_RawFastq_14.08.24/SRR26417359_1.fastq.gz
SRR26417359_2.fastq.gz	/maps/projects/mjolnir1/people/sjr729/tutorial/skimming_scripts/oedulis/fastq/oedulis_RawFastq_14.08.24/SRR26417359_2.fastq.gz
SRR26417360_1.fastq.gz	/maps/projects/mjolnir1/people/sjr729/tutorial/skimming_scripts/oedulis/fastq/oedulis_RawFastq_14.08.24/SRR26417360_1.fastq.gz
SRR26417360_2.fastq.gz	/maps/projects/mjolnir1/people/sjr729/tutorial/skimming_scripts/oedulis/fastq/oedulis_RawFastq_14.08.24/SRR26417360_2.fastq.gz
SRR26417361_1.fastq.gz	/maps/projects/mjolnir1/people/sjr729/tutorial/skimming_scripts/oedulis/fastq/oedulis_RawFastq_14.08.24/SRR26417361_1.fastq.gz
SRR26417361_2.fastq.gz	/maps/projects/mjolnir1/people/sjr729/tutorial/skimming_scripts/oedulis/fastq/oedulis_RawFastq_14.08.24/SRR26417361_2.fastq.gz
SRR26417362_1.fastq.gz	/maps/projects/mjolnir1/people/sjr729/tutorial/skimming_scripts/oedulis/fastq/oedulis_RawFastq_14.08.24/SRR26417362_1.fastq.gz
SRR26417362_2.fastq.gz	/maps/projects/mjolnir1/people/sjr729/tutorial/skimming_scripts/oedulis/fastq/oedulis_RawFastq_14.08.24/SRR26417362_2.fastq.gz
SRR26417363_1.fastq.gz	/maps/projects/mjolnir1/people/sjr729/tutorial/skimming_scripts/oedulis/fastq/oedulis_RawFastq_14.08.24/SRR26417363_1.fastq.gz
SRR26417363_2.fastq.gz	/maps/projects/mjolnir1/people/sjr729/tutorial/skimming_scripts/oedulis/fastq/oedulis_RawFastq_14.08.24/SRR26417363_2.fastq.gz
SRR26417364_1.fastq.gz	/maps/projects/mjolnir1/people/sjr729/tutorial/skimming_scripts/oedulis/fastq/oedulis_RawFastq_14.08.24/SRR26417364_1.fastq.gz
SRR26417364_2.fastq.gz	/maps/projects/mjolnir1/people/sjr729/tutorial/skimming_scripts/oedulis/fastq/oedulis_RawFastq_14.08.24/SRR26417364_2.fastq.gz
SRR26417365_1.fastq.gz	/maps/projects/mjolnir1/people/sjr729/tutorial/skimming_scripts/oedulis/fastq/oedulis_RawFastq_14.08.24/SRR26417365_1.fastq.gz
SRR26417365_2.fastq.gz	/maps/projects/mjolnir1/people/sjr729/tutorial/skimming_scripts/oedulis/fastq/oedulis_RawFastq_14.08.24/SRR26417365_2.fastq.gz
SRR26417366_1.fastq.gz	/maps/projects/mjolnir1/people/sjr729/tutorial/skimming_scripts/oedulis/fastq/oedulis_RawFastq_14.08.24/SRR26417366_1.fastq.gz
SRR26417366_2.fastq.gz	/maps/projects/mjolnir1/people/sjr729/tutorial/skimming_scripts/oedulis/fastq/oedulis_RawFastq_14.08.24/SRR26417366_2.fastq.gz
SRR26417367_1.fastq.gz	/maps/projects/mjolnir1/people/sjr729/tutorial/skimming_scripts/oedulis/fastq/oedulis_RawFastq_14.08.24/SRR26417367_1.fastq.gz
SRR26417367_2.fastq.gz	/maps/projects/mjolnir1/people/sjr729/tutorial/skimming_scripts/oedulis/fastq/oedulis_RawFastq_14.08.24/SRR26417367_2.fastq.gz
SRR26417368_1.fastq.gz	/maps/projects/mjolnir1/people/sjr729/tutorial/skimming_scripts/oedulis/fastq/oedulis_RawFastq_14.08.24/SRR26417368_1.fastq.gz
SRR26417368_2.fastq.gz	/maps/projects/mjolnir1/people/sjr729/tutorial/skimming_scripts/oedulis/fastq/oedulis_RawFastq_14.08.24/SRR26417368_2.fastq.gz
SRR26417369_1.fastq.gz	/maps/projects/mjolnir1/people/sjr729/tutorial/skimming_scripts/oedulis/fastq/oedulis_RawFastq_14.08.24/SRR26417369_1.fastq.gz
SRR26417369_2.fastq.gz	/maps/projects/mjolnir1/people/sjr729/tutorial/skimming_scripts/oedulis/fastq/oedulis_RawFastq_14.08.24/SRR26417369_2.fastq.gz
SRR26417370_1.fastq.gz	/maps/projects/mjolnir1/people/sjr729/tutorial/skimming_scripts/oedulis/fastq/oedulis_RawFastq_14.08.24/SRR26417370_1.fastq.gz
SRR26417370_2.fastq.gz	/maps/projects/mjolnir1/people/sjr729/tutorial/skimming_scripts/oedulis/fastq/oedulis_RawFastq_14.08.24/SRR26417370_2.fastq.gz
SRR26417371_1.fastq.gz	/maps/projects/mjolnir1/people/sjr729/tutorial/skimming_scripts/oedulis/fastq/oedulis_RawFastq_14.08.24/SRR26417371_1.fastq.gz
SRR26417371_2.fastq.gz	/maps/projects/mjolnir1/people/sjr729/tutorial/skimming_scripts/oedulis/fastq/oedulis_RawFastq_14.08.24/SRR26417371_2.fastq.gz
SRR26417373_1.fastq.gz	/maps/projects/mjolnir1/people/sjr729/tutorial/skimming_scripts/oedulis/fastq/oedulis_RawFastq_14.08.24/SRR26417373_1.fastq.gz
SRR26417373_2.fastq.gz	/maps/projects/mjolnir1/people/sjr729/tutorial/skimming_scripts/oedulis/fastq/oedulis_RawFastq_14.08.24/SRR26417373_2.fastq.gz
SRR26417374_1.fastq.gz	/maps/projects/mjolnir1/people/sjr729/tutorial/skimming_scripts/oedulis/fastq/oedulis_RawFastq_14.08.24/SRR26417374_1.fastq.gz
SRR26417374_2.fastq.gz	/maps/projects/mjolnir1/people/sjr729/tutorial/skimming_scripts/oedulis/fastq/oedulis_RawFastq_14.08.24/SRR26417374_2.fastq.gz
SRR26417375_1.fastq.gz	/maps/projects/mjolnir1/people/sjr729/tutorial/skimming_scripts/oedulis/fastq/oedulis_RawFastq_14.08.24/SRR26417375_1.fastq.gz
SRR26417375_2.fastq.gz	/maps/projects/mjolnir1/people/sjr729/tutorial/skimming_scripts/oedulis/fastq/oedulis_RawFastq_14.08.24/SRR26417375_2.fastq.gz
SRR26417376_1.fastq.gz	/maps/projects/mjolnir1/people/sjr729/tutorial/skimming_scripts/oedulis/fastq/oedulis_RawFastq_14.08.24/SRR26417376_1.fastq.gz
SRR26417376_2.fastq.gz	/maps/projects/mjolnir1/people/sjr729/tutorial/skimming_scripts/oedulis/fastq/oedulis_RawFastq_14.08.24/SRR26417376_2.fastq.gz
SRR26417377_1.fastq.gz	/maps/projects/mjolnir1/people/sjr729/tutorial/skimming_scripts/oedulis/fastq/oedulis_RawFastq_14.08.24/SRR26417377_1.fastq.gz
SRR26417377_2.fastq.gz	/maps/projects/mjolnir1/people/sjr729/tutorial/skimming_scripts/oedulis/fastq/oedulis_RawFastq_14.08.24/SRR26417377_2.fastq.gz
SRR26417378_1.fastq.gz	/maps/projects/mjolnir1/people/sjr729/tutorial/skimming_scripts/oedulis/fastq/oedulis_RawFastq_14.08.24/SRR26417378_1.fastq.gz
SRR26417378_2.fastq.gz	/maps/projects/mjolnir1/people/sjr729/tutorial/skimming_scripts/oedulis/fastq/oedulis_RawFastq_14.08.24/SRR26417378_2.fastq.gz
SRR26417379_1.fastq.gz	/maps/projects/mjolnir1/people/sjr729/tutorial/skimming_scripts/oedulis/fastq/oedulis_RawFastq_14.08.24/SRR26417379_1.fastq.gz
SRR26417379_2.fastq.gz	/maps/projects/mjolnir1/people/sjr729/tutorial/skimming_scripts/oedulis/fastq/oedulis_RawFastq_14.08.24/SRR26417379_2.fastq.gz
SRR26417380_1.fastq.gz	/maps/projects/mjolnir1/people/sjr729/tutorial/skimming_scripts/oedulis/fastq/oedulis_RawFastq_14.08.24/SRR26417380_1.fastq.gz
SRR26417380_2.fastq.gz	/maps/projects/mjolnir1/people/sjr729/tutorial/skimming_scripts/oedulis/fastq/oedulis_RawFastq_14.08.24/SRR26417380_2.fastq.gz
SRR26417381_1.fastq.gz	/maps/projects/mjolnir1/people/sjr729/tutorial/skimming_scripts/oedulis/fastq/oedulis_RawFastq_14.08.24/SRR26417381_1.fastq.gz
SRR26417381_2.fastq.gz	/maps/projects/mjolnir1/people/sjr729/tutorial/skimming_scripts/oedulis/fastq/oedulis_RawFastq_14.08.24/SRR26417381_2.fastq.gz
SRR26417382_1.fastq.gz	/maps/projects/mjolnir1/people/sjr729/tutorial/skimming_scripts/oedulis/fastq/oedulis_RawFastq_14.08.24/SRR26417382_1.fastq.gz
SRR26417382_2.fastq.gz	/maps/projects/mjolnir1/people/sjr729/tutorial/skimming_scripts/oedulis/fastq/oedulis_RawFastq_14.08.24/SRR26417382_2.fastq.gz
SRR26417384_1.fastq.gz	/maps/projects/mjolnir1/people/sjr729/tutorial/skimming_scripts/oedulis/fastq/oedulis_RawFastq_14.08.24/SRR26417384_1.fastq.gz
SRR26417384_2.fastq.gz	/maps/projects/mjolnir1/people/sjr729/tutorial/skimming_scripts/oedulis/fastq/oedulis_RawFastq_14.08.24/SRR26417384_2.fastq.gz
SRR26417444_1.fastq.gz	/maps/projects/mjolnir1/people/sjr729/tutorial/skimming_scripts/oedulis/fastq/oedulis_RawFastq_14.08.24/SRR26417444_1.fastq.gz
SRR26417444_2.fastq.gz	/maps/projects/mjolnir1/people/sjr729/tutorial/skimming_scripts/oedulis/fastq/oedulis_RawFastq_14.08.24/SRR26417444_2.fastq.gz
SRR26417445_1.fastq.gz	/maps/projects/mjolnir1/people/sjr729/tutorial/skimming_scripts/oedulis/fastq/oedulis_RawFastq_14.08.24/SRR26417445_1.fastq.gz
SRR26417445_2.fastq.gz	/maps/projects/mjolnir1/people/sjr729/tutorial/skimming_scripts/oedulis/fastq/oedulis_RawFastq_14.08.24/SRR26417445_2.fastq.gz
SRR26417446_1.fastq.gz	/maps/projects/mjolnir1/people/sjr729/tutorial/skimming_scripts/oedulis/fastq/oedulis_RawFastq_14.08.24/SRR26417446_1.fastq.gz
SRR26417446_2.fastq.gz	/maps/projects/mjolnir1/people/sjr729/tutorial/skimming_scripts/oedulis/fastq/oedulis_RawFastq_14.08.24/SRR26417446_2.fastq.gz
SRR26417447_1.fastq.gz	/maps/projects/mjolnir1/people/sjr729/tutorial/skimming_scripts/oedulis/fastq/oedulis_RawFastq_14.08.24/SRR26417447_1.fastq.gz
SRR26417447_2.fastq.gz	/maps/projects/mjolnir1/people/sjr729/tutorial/skimming_scripts/oedulis/fastq/oedulis_RawFastq_14.08.24/SRR26417447_2.fastq.gz
SRR26417448_1.fastq.gz	/maps/projects/mjolnir1/people/sjr729/tutorial/skimming_scripts/oedulis/fastq/oedulis_RawFastq_14.08.24/SRR26417448_1.fastq.gz
SRR26417448_2.fastq.gz	/maps/projects/mjolnir1/people/sjr729/tutorial/skimming_scripts/oedulis/fastq/oedulis_RawFastq_14.08.24/SRR26417448_2.fastq.gz
SRR26417449_1.fastq.gz	/maps/projects/mjolnir1/people/sjr729/tutorial/skimming_scripts/oedulis/fastq/oedulis_RawFastq_14.08.24/SRR26417449_1.fastq.gz
SRR26417449_2.fastq.gz	/maps/projects/mjolnir1/people/sjr729/tutorial/skimming_scripts/oedulis/fastq/oedulis_RawFastq_14.08.24/SRR26417449_2.fastq.gz
SRR26417450_1.fastq.gz	/maps/projects/mjolnir1/people/sjr729/tutorial/skimming_scripts/oedulis/fastq/oedulis_RawFastq_14.08.24/SRR26417450_1.fastq.gz
SRR26417450_2.fastq.gz	/maps/projects/mjolnir1/people/sjr729/tutorial/skimming_scripts/oedulis/fastq/oedulis_RawFastq_14.08.24/SRR26417450_2.fastq.gz
SRR26417451_1.fastq.gz	/maps/projects/mjolnir1/people/sjr729/tutorial/skimming_scripts/oedulis/fastq/oedulis_RawFastq_14.08.24/SRR26417451_1.fastq.gz
SRR26417451_2.fastq.gz	/maps/projects/mjolnir1/people/sjr729/tutorial/skimming_scripts/oedulis/fastq/oedulis_RawFastq_14.08.24/SRR26417451_2.fastq.gz
SRR26417452_1.fastq.gz	/maps/projects/mjolnir1/people/sjr729/tutorial/skimming_scripts/oedulis/fastq/oedulis_RawFastq_14.08.24/SRR26417452_1.fastq.gz
SRR26417452_2.fastq.gz	/maps/projects/mjolnir1/people/sjr729/tutorial/skimming_scripts/oedulis/fastq/oedulis_RawFastq_14.08.24/SRR26417452_2.fastq.gz
SRR26417453_1.fastq.gz	/maps/projects/mjolnir1/people/sjr729/tutorial/skimming_scripts/oedulis/fastq/oedulis_RawFastq_14.08.24/SRR26417453_1.fastq.gz
SRR26417453_2.fastq.gz	/maps/projects/mjolnir1/people/sjr729/tutorial/skimming_scripts/oedulis/fastq/oedulis_RawFastq_14.08.24/SRR26417453_2.fastq.gz
SRR26417454_1.fastq.gz	/maps/projects/mjolnir1/people/sjr729/tutorial/skimming_scripts/oedulis/fastq/oedulis_RawFastq_14.08.24/SRR26417454_1.fastq.gz
SRR26417454_2.fastq.gz	/maps/projects/mjolnir1/people/sjr729/tutorial/skimming_scripts/oedulis/fastq/oedulis_RawFastq_14.08.24/SRR26417454_2.fastq.gz
SRR26417455_1.fastq.gz	/maps/projects/mjolnir1/people/sjr729/tutorial/skimming_scripts/oedulis/fastq/oedulis_RawFastq_14.08.24/SRR26417455_1.fastq.gz
SRR26417455_2.fastq.gz	/maps/projects/mjolnir1/people/sjr729/tutorial/skimming_scripts/oedulis/fastq/oedulis_RawFastq_14.08.24/SRR26417455_2.fastq.gz
SRR26417456_1.fastq.gz	/maps/projects/mjolnir1/people/sjr729/tutorial/skimming_scripts/oedulis/fastq/oedulis_RawFastq_14.08.24/SRR26417456_1.fastq.gz
SRR26417456_2.fastq.gz	/maps/projects/mjolnir1/people/sjr729/tutorial/skimming_scripts/oedulis/fastq/oedulis_RawFastq_14.08.24/SRR26417456_2.fastq.gz
SRR26417457_1.fastq.gz	/maps/projects/mjolnir1/people/sjr729/tutorial/skimming_scripts/oedulis/fastq/oedulis_RawFastq_14.08.24/SRR26417457_1.fastq.gz
SRR26417457_2.fastq.gz	/maps/projects/mjolnir1/people/sjr729/tutorial/skimming_scripts/oedulis/fastq/oedulis_RawFastq_14.08.24/SRR26417457_2.fastq.gz
SRR26417458_1.fastq.gz	/maps/projects/mjolnir1/people/sjr729/tutorial/skimming_scripts/oedulis/fastq/oedulis_RawFastq_14.08.24/SRR26417458_1.fastq.gz
SRR26417458_2.fastq.gz	/maps/projects/mjolnir1/people/sjr729/tutorial/skimming_scripts/oedulis/fastq/oedulis_RawFastq_14.08.24/SRR26417458_2.fastq.gz
SRR26417459_1.fastq.gz	/maps/projects/mjolnir1/people/sjr729/tutorial/skimming_scripts/oedulis/fastq/oedulis_RawFastq_14.08.24/SRR26417459_1.fastq.gz
SRR26417459_2.fastq.gz	/maps/projects/mjolnir1/people/sjr729/tutorial/skimming_scripts/oedulis/fastq/oedulis_RawFastq_14.08.24/SRR26417459_2.fastq.gz
SRR26417460_1.fastq.gz	/maps/projects/mjolnir1/people/sjr729/tutorial/skimming_scripts/oedulis/fastq/oedulis_RawFastq_14.08.24/SRR26417460_1.fastq.gz
SRR26417460_2.fastq.gz	/maps/projects/mjolnir1/people/sjr729/tutorial/skimming_scripts/oedulis/fastq/oedulis_RawFastq_14.08.24/SRR26417460_2.fastq.gz
SRR26417461_1.fastq.gz	/maps/projects/mjolnir1/people/sjr729/tutorial/skimming_scripts/oedulis/fastq/oedulis_RawFastq_14.08.24/SRR26417461_1.fastq.gz
SRR26417461_2.fastq.gz	/maps/projects/mjolnir1/people/sjr729/tutorial/skimming_scripts/oedulis/fastq/oedulis_RawFastq_14.08.24/SRR26417461_2.fastq.gz
SRR26417462_1.fastq.gz	/maps/projects/mjolnir1/people/sjr729/tutorial/skimming_scripts/oedulis/fastq/oedulis_RawFastq_14.08.24/SRR26417462_1.fastq.gz
SRR26417462_2.fastq.gz	/maps/projects/mjolnir1/people/sjr729/tutorial/skimming_scripts/oedulis/fastq/oedulis_RawFastq_14.08.24/SRR26417462_2.fastq.gz
SRR26417472_1.fastq.gz	/maps/projects/mjolnir1/people/sjr729/tutorial/skimming_scripts/oedulis/fastq/oedulis_RawFastq_14.08.24/SRR26417472_1.fastq.gz
SRR26417472_2.fastq.gz	/maps/projects/mjolnir1/people/sjr729/tutorial/skimming_scripts/oedulis/fastq/oedulis_RawFastq_14.08.24/SRR26417472_2.fastq.gz
SRR26417483_1.fastq.gz	/maps/projects/mjolnir1/people/sjr729/tutorial/skimming_scripts/oedulis/fastq/oedulis_RawFastq_14.08.24/SRR26417483_1.fastq.gz
SRR26417483_2.fastq.gz	/maps/projects/mjolnir1/people/sjr729/tutorial/skimming_scripts/oedulis/fastq/oedulis_RawFastq_14.08.24/SRR26417483_2.fastq.gz
SRR26417491_1.fastq.gz	/maps/projects/mjolnir1/people/sjr729/tutorial/skimming_scripts/oedulis/fastq/oedulis_RawFastq_14.08.24/SRR26417491_1.fastq.gz
SRR26417491_2.fastq.gz	/maps/projects/mjolnir1/people/sjr729/tutorial/skimming_scripts/oedulis/fastq/oedulis_RawFastq_14.08.24/SRR26417491_2.fastq.gz
SRR26417502_1.fastq.gz	/maps/projects/mjolnir1/people/sjr729/tutorial/skimming_scripts/oedulis/fastq/oedulis_RawFastq_14.08.24/SRR26417502_1.fastq.gz
SRR26417502_2.fastq.gz	/maps/projects/mjolnir1/people/sjr729/tutorial/skimming_scripts/oedulis/fastq/oedulis_RawFastq_14.08.24/SRR26417502_2.fastq.gz
SRR26417526_1.fastq.gz	/maps/projects/mjolnir1/people/sjr729/tutorial/skimming_scripts/oedulis/fastq/oedulis_RawFastq_14.08.24/SRR26417526_1.fastq.gz
SRR26417526_2.fastq.gz	/maps/projects/mjolnir1/people/sjr729/tutorial/skimming_scripts/oedulis/fastq/oedulis_RawFastq_14.08.24/SRR26417526_2.fastq.gz
SRR26417588_1.fastq.gz	/maps/projects/mjolnir1/people/sjr729/tutorial/skimming_scripts/oedulis/fastq/oedulis_RawFastq_14.08.24/SRR26417588_1.fastq.gz
SRR26417588_2.fastq.gz	/maps/projects/mjolnir1/people/sjr729/tutorial/skimming_scripts/oedulis/fastq/oedulis_RawFastq_14.08.24/SRR26417588_2.fastq.gz
SRR26417599_1.fastq.gz	/maps/projects/mjolnir1/people/sjr729/tutorial/skimming_scripts/oedulis/fastq/oedulis_RawFastq_14.08.24/SRR26417599_1.fastq.gz
SRR26417599_2.fastq.gz	/maps/projects/mjolnir1/people/sjr729/tutorial/skimming_scripts/oedulis/fastq/oedulis_RawFastq_14.08.24/SRR26417599_2.fastq.gz
SRR26417608_1.fastq.gz	/maps/projects/mjolnir1/people/sjr729/tutorial/skimming_scripts/oedulis/fastq/oedulis_RawFastq_14.08.24/SRR26417608_1.fastq.gz
SRR26417608_2.fastq.gz	/maps/projects/mjolnir1/people/sjr729/tutorial/skimming_scripts/oedulis/fastq/oedulis_RawFastq_14.08.24/SRR26417608_2.fastq.gz
SRR26417619_1.fastq.gz	/maps/projects/mjolnir1/people/sjr729/tutorial/skimming_scripts/oedulis/fastq/oedulis_RawFastq_14.08.24/SRR26417619_1.fastq.gz
SRR26417619_2.fastq.gz	/maps/projects/mjolnir1/people/sjr729/tutorial/skimming_scripts/oedulis/fastq/oedulis_RawFastq_14.08.24/SRR26417619_2.fastq.gz
SRR26417631_1.fastq.gz	/maps/projects/mjolnir1/people/sjr729/tutorial/skimming_scripts/oedulis/fastq/oedulis_RawFastq_14.08.24/SRR26417631_1.fastq.gz
SRR26417631_2.fastq.gz	/maps/projects/mjolnir1/people/sjr729/tutorial/skimming_scripts/oedulis/fastq/oedulis_RawFastq_14.08.24/SRR26417631_2.fastq.gz
SRR26417632_1.fastq.gz	/maps/projects/mjolnir1/people/sjr729/tutorial/skimming_scripts/oedulis/fastq/oedulis_RawFastq_14.08.24/SRR26417632_1.fastq.gz
SRR26417632_2.fastq.gz	/maps/projects/mjolnir1/people/sjr729/tutorial/skimming_scripts/oedulis/fastq/oedulis_RawFastq_14.08.24/SRR26417632_2.fastq.gz
SRR26417633_1.fastq.gz	/maps/projects/mjolnir1/people/sjr729/tutorial/skimming_scripts/oedulis/fastq/oedulis_RawFastq_14.08.24/SRR26417633_1.fastq.gz
SRR26417633_2.fastq.gz	/maps/projects/mjolnir1/people/sjr729/tutorial/skimming_scripts/oedulis/fastq/oedulis_RawFastq_14.08.24/SRR26417633_2.fastq.gz
SRR26417634_1.fastq.gz	/maps/projects/mjolnir1/people/sjr729/tutorial/skimming_scripts/oedulis/fastq/oedulis_RawFastq_14.08.24/SRR26417634_1.fastq.gz
SRR26417634_2.fastq.gz	/maps/projects/mjolnir1/people/sjr729/tutorial/skimming_scripts/oedulis/fastq/oedulis_RawFastq_14.08.24/SRR26417634_2.fastq.gz
SRR26417635_1.fastq.gz	/maps/projects/mjolnir1/people/sjr729/tutorial/skimming_scripts/oedulis/fastq/oedulis_RawFastq_14.08.24/SRR26417635_1.fastq.gz
SRR26417635_2.fastq.gz	/maps/projects/mjolnir1/people/sjr729/tutorial/skimming_scripts/oedulis/fastq/oedulis_RawFastq_14.08.24/SRR26417635_2.fastq.gz
SRR26417636_1.fastq.gz	/maps/projects/mjolnir1/people/sjr729/tutorial/skimming_scripts/oedulis/fastq/oedulis_RawFastq_14.08.24/SRR26417636_1.fastq.gz
SRR26417636_2.fastq.gz	/maps/projects/mjolnir1/people/sjr729/tutorial/skimming_scripts/oedulis/fastq/oedulis_RawFastq_14.08.24/SRR26417636_2.fastq.gz
SRR26417646_1.fastq.gz	/maps/projects/mjolnir1/people/sjr729/tutorial/skimming_scripts/oedulis/fastq/oedulis_RawFastq_14.08.24/SRR26417646_1.fastq.gz
SRR26417646_2.fastq.gz	/maps/projects/mjolnir1/people/sjr729/tutorial/skimming_scripts/oedulis/fastq/oedulis_RawFastq_14.08.24/SRR26417646_2.fastq.gz
SRR26417662_1.fastq.gz	/maps/projects/mjolnir1/people/sjr729/tutorial/skimming_scripts/oedulis/fastq/oedulis_RawFastq_14.08.24/SRR26417662_1.fastq.gz
SRR26417662_2.fastq.gz	/maps/projects/mjolnir1/people/sjr729/tutorial/skimming_scripts/oedulis/fastq/oedulis_RawFastq_14.08.24/SRR26417662_2.fastq.gz
SRR26417673_1.fastq.gz	/maps/projects/mjolnir1/people/sjr729/tutorial/skimming_scripts/oedulis/fastq/oedulis_RawFastq_14.08.24/SRR26417673_1.fastq.gz
SRR26417673_2.fastq.gz	/maps/projects/mjolnir1/people/sjr729/tutorial/skimming_scripts/oedulis/fastq/oedulis_RawFastq_14.08.24/SRR26417673_2.fastq.gz
SRR26417674_1.fastq.gz	/maps/projects/mjolnir1/people/sjr729/tutorial/skimming_scripts/oedulis/fastq/oedulis_RawFastq_14.08.24/SRR26417674_1.fastq.gz
SRR26417674_2.fastq.gz	/maps/projects/mjolnir1/people/sjr729/tutorial/skimming_scripts/oedulis/fastq/oedulis_RawFastq_14.08.24/SRR26417674_2.fastq.gz
SRR26417681_1.fastq.gz	/maps/projects/mjolnir1/people/sjr729/tutorial/skimming_scripts/oedulis/fastq/oedulis_RawFastq_14.08.24/SRR26417681_1.fastq.gz
SRR26417681_2.fastq.gz	/maps/projects/mjolnir1/people/sjr729/tutorial/skimming_scripts/oedulis/fastq/oedulis_RawFastq_14.08.24/SRR26417681_2.fastq.gz
SRR26417692_1.fastq.gz	/maps/projects/mjolnir1/people/sjr729/tutorial/skimming_scripts/oedulis/fastq/oedulis_RawFastq_14.08.24/SRR26417692_1.fastq.gz
SRR26417692_2.fastq.gz	/maps/projects/mjolnir1/people/sjr729/tutorial/skimming_scripts/oedulis/fastq/oedulis_RawFastq_14.08.24/SRR26417692_2.fastq.gz
